=== SukiSU build v8 start 2026年 10月 02日 星期五 10:27:47 CST ===
make[1]: 进入目录“/mnt/note9pro-build/02-sukisu-susfs/android_kernel_xiaomi_gauguin/out”
  GEN     ./Makefile
  Using .. as source for kernel
  CALL    ../scripts/checksyscalls.sh
  CHK     include/generated/compile.h
  CC      fs/namespace.o
  CHK     kernel/kheaders_data.tar.xz
  CC      fs/xattr.o
  CC      techpack/display/msm/dsi/dsi_phy_timing_calc.o
  CC      fs/libfs.o
  CC      fs/fs-writeback.o
  CC      fs/pnode.o
  CC      fs/splice.o
  CC      fs/sync.o
  CC      net/ipv4/icmp.o
  CC      net/ipv4/devinet.o
  CC      drivers/gpu/drm/drm_mode_config.o
  CC      fs/utimes.o
  CC      fs/d_path.o
  AR      techpack/display/msm/built-in.a
  AR      techpack/display/built-in.a
  AR      techpack/built-in.a
  CC      drivers/hid/hidraw.o
  CC      fs/stack.o
  CC      net/ipv4/af_inet.o
  DTC     arch/arm64/boot/dts/vendor/qcom/lagoon.dtb
  CC      drivers/gpu/drm/drm_vblank.o
  CC      net/ipv4/igmp.o
  CC      net/ipv4/fib_frontend.o
  DTC     arch/arm64/boot/dts/vendor/qcom/gauguin-sm6350-overlay.dtbo
  CC      fs/fs_struct.o
  DTBOIMG arch/arm64/boot/dtbo.img
  CC      net/ipv4/fib_semantics.o
  CC      net/ipv4/fib_trie.o
  CC      net/ipv4/fib_notifier.o
  AR      drivers/hid/built-in.a
  AR      drivers/gpu/drm/built-in.a
  AR      drivers/gpu/built-in.a
  CC      drivers/i2c/i2c-boardinfo.o
  CC      fs/statfs.o
  CC      fs/fs_pin.o
  CC      net/ipv6/datagram.o
  CC      drivers/i2c/i2c-core-base.o
  CC      fs/nsfs.o
  CC      fs/fs_types.o
  CC      drivers/i2c/i2c-core-smbus.o
  CC      net/ipv4/inet_fragment.o
  CC      net/ipv4/ping.o
  CC      net/ipv4/ip_tunnel_core.o
  CC      drivers/i2c/i2c-core-of.o
  CC      drivers/iio/industrialio-core.o
  CC      drivers/iio/industrialio-event.o
  CC      fs/fs_context.o
  AR      net/ipv6/built-in.a
  CC      drivers/input/input.o
  CC      drivers/iio/inkern.o
  CC      drivers/input/serio/serio.o
  CC      drivers/i2c/i2c-dev.o
  CC      net/netfilter/nf_conntrack_expect.o
  CC      drivers/input/serio/libps2.o
  CC      net/ipv4/gre_offload.o
  CC      fs/fs_parser.o
  CC      drivers/iio/adc/qcom-spmi-adc5.o
  CC      drivers/i2c/i2c-mux.o
  CC      drivers/i2c/algos/i2c-algo-bit.o
  CC      drivers/i2c/busses/i2c-qcom-geni.o
  AR      drivers/input/serio/built-in.a
  CC      drivers/input/input-compat.o
  CC      drivers/irqchip/irqchip.o
  CC      drivers/iommu/iommu.o
  CC      drivers/iio/adc/qcom-vadc-common.o
-- SukiSU: Kernel version is non-GKI, using kprobes hooks.
../drivers/kernelsu/Makefile:57: "KSU_GIT_VERSION not defined! It is better to make SukiSU a git submodule!"
-- SukiSU Manager signature size: 0x35c
-- SukiSU Manager signature hash: 947ae944f3de4ed4c21a7e4f7953ecf351bfa2b36239da37a34111ad29993eef
-- Supported Unofficial Manager: 5ec1cff (GKI) rsuntk (Non-GKI) ShirkNeko udochina (GKI and non-GKI and KPM)
-- SukiSU compat: Neither atomic_inc_not_zero nor atomic_long_inc_not_zero found in kernel/cred.c
-- SukiSU compat: Using  in get_cred_rcu patch.
-- SukiSU: checks ok. Found path_umount

-- SUSFS_VERSION: v1.5.9
  CC      drivers/irqchip/irq-gic.o
  CC      drivers/kernelsu/ksu.o
  AR      drivers/i2c/algos/built-in.a
  CC      drivers/kernelsu/allowlist.o
  AR      drivers/i2c/busses/built-in.a
  AR      drivers/i2c/built-in.a
  CC      drivers/iommu/iommu-traces.o
  CC      drivers/input/input-mt.o
  AR      drivers/iio/adc/built-in.a
  CC      fs/susfs.o
  CC      drivers/kernelsu/apk_sign.o
  AR      drivers/iio/built-in.a
  CC      drivers/leds/led-core.o
  CC      drivers/irqchip/irq-gic-common.o
  CC      drivers/leds/led-class.o
  CC      drivers/input/ff-core.o
  CC      drivers/irqchip/irq-gic-v2m.o
  CC      net/ipv4/metrics.o
  AR      net/netfilter/built-in.a
  CC      net/ipv4/netlink.o
  CC      drivers/iommu/iommu-sysfs.o
  CC      drivers/leds/led-triggers.o
  CC      drivers/leds/leds-qti-tri-led.o
  CC      drivers/leds/leds-qpnp-flash-v2.o
  CC      fs/buffer.o
  CC      drivers/irqchip/irq-gic-v3.o
  CC      drivers/input/ff-memless.o
  CC      drivers/input/input-leds.o
  CC      drivers/kernelsu/sucompat.o
  CC      drivers/irqchip/irq-gic-v3-mbi.o
  CC      fs/block_dev.o
  CC      drivers/iommu/dma-iommu.o
  CC      net/ipv4/nexthop.o
  CC      drivers/iommu/msm_dma_iommu_mapping.o
  CC      drivers/leds/leds-qpnp-flash-common.o
  CC      drivers/leds/trigger/ledtrig-timer.o
  CC      drivers/irqchip/irq-gic-v3-its.o
  CC      drivers/input/evdev.o
  CC      drivers/irqchip/irq-gic-v3-its-platform-msi.o
  AR      drivers/leds/trigger/built-in.a
  AR      drivers/leds/built-in.a
  CC      drivers/irqchip/irq-gic-v4.o
  CC      drivers/irqchip/irq-gic-v3-its-pci-msi.o
../drivers/kernelsu/sucompat.c:413:7: warning: GCC does not allow variable declarations in for loop initializers before C99 [-Wgcc-compat]
  413 |         for (int i = 0; i < ARRAY_SIZE(su_kps); i++) {
      |              ^
../drivers/kernelsu/sucompat.c:433:7: warning: GCC does not allow variable declarations in for loop initializers before C99 [-Wgcc-compat]
  433 |         for (int i = 0; i < ARRAY_SIZE(su_kps); i++) {
      |              ^
../drivers/kernelsu/sucompat.c:292:22: warning: unused variable 'faccessat_kp' [-Wunused-variable]
  292 | static struct kprobe faccessat_kp = {
      |                      ^~~~~~~~~~~~
../drivers/kernelsu/sucompat.c:308:22: warning: unused variable 'newfstatat_kp' [-Wunused-variable]
  308 | static struct kprobe newfstatat_kp = {
      |                      ^~~~~~~~~~~~~
../drivers/kernelsu/sucompat.c:324:22: warning: unused variable 'execve_kp' [-Wunused-variable]
  324 | static struct kprobe execve_kp = {
      |                      ^~~~~~~~~
../drivers/kernelsu/sucompat.c:354:22: warning: unused variable 'pts_unix98_lookup_kp' [-Wunused-variable]
  354 | static struct kprobe pts_unix98_lookup_kp = { .symbol_name =
      |                      ^~~~~~~~~~~~~~~~~~~~
  CC      drivers/iommu/io-pgtable.o
  CC      fs/direct-io.o
6 warnings generated.
  CC      drivers/kernelsu/throne_tracker.o
  CC      fs/mpage.o
  CC      fs/proc_namespace.o
  CC      drivers/iommu/io-pgtable-arm.o
  CC      drivers/irqchip/irq-partition-percpu.o
  CC      net/ipv4/udp_tunnel_stub.o
  CC      drivers/input/fingerprint/goodix/gf_spi.o
  CC      drivers/input/joystick/xpad.o
  CC      drivers/irqchip/msm_show_resume_irq.o
  CC      drivers/mailbox/mailbox.o
  CC      fs/eventpoll.o
  CC      drivers/kernelsu/core_hook.o
  CC      drivers/iommu/iova.o
  CC      drivers/irqchip/qcom-pdc.o
  CC      drivers/kernelsu/ksud.o
  CC      drivers/mailbox/msm_qmp.o
  CC      drivers/kernelsu/embed_ksud.o
  CC      drivers/iommu/io-pgtable-fast.o
  CC      net/ipv4/ip_tunnel.o
  AR      drivers/input/joystick/built-in.a
  CC      net/ipv4/sysctl_net_ipv4.o
  AR      drivers/mailbox/built-in.a
  CC      drivers/iommu/dma-mapping-fast.o
  CC      drivers/input/keyboard/atkbd.o
  AR      drivers/irqchip/built-in.a
  CC      drivers/input/misc/qpnp-power-on.o
  CC      drivers/input/misc/aw8624_haptic/aw8624.o
  CC      drivers/input/misc/uinput.o
  CC      fs/anon_inodes.o
  AR      drivers/input/fingerprint/goodix/built-in.a
  AR      drivers/input/fingerprint/built-in.a
  CC      fs/signalfd.o
  CC      drivers/kernelsu/kernel_compat.o
  CC      drivers/kernelsu/selinux/selinux.o
  CC      drivers/kernelsu/selinux/sepolicy.o
  CC      drivers/kernelsu/selinux/rules.o
  CC      drivers/input/keyboard/gpio_keys.o
  CC      drivers/iommu/of_iommu.o
  CC      net/ipv4/proc.o
  CC      fs/timerfd.o
  CC      drivers/iommu/arm-smmu.o
  CC      drivers/iommu/arm-smmu-debug.o
  AR      drivers/kernelsu/built-in.a
  CC      drivers/iommu/iommu-logger.o
  CC      drivers/md/dm-uevent.o
  AR      drivers/input/keyboard/built-in.a
  CC      fs/eventfd.o
  CC      drivers/media/common/videobuf2/videobuf2-core.o
  CC      drivers/input/tablet/acecad.o
  CC      fs/userfaultfd.o
  CC      drivers/input/tablet/aiptek.o
  CC      drivers/input/touchscreen/of_touchscreen.o
  AR      drivers/input/misc/aw8624_haptic/built-in.a
  AR      drivers/input/misc/built-in.a
  CC      drivers/input/tablet/gtco.o
  CC      drivers/md/dm.o
  CC      drivers/md/dm-table.o
  CC      drivers/input/tablet/hanwang.o
  CC      drivers/media/common/videobuf2/vb2-trace.o
  CC      drivers/input/touchscreen/nt36672c/nt36xxx.o
  CC      fs/aio.o
  CC      net/ipv4/fib_rules.o
  CC      drivers/media/dvb-core/dvbdev.o
  CC      drivers/input/tablet/kbtab.o
  AR      drivers/iommu/built-in.a
  CC      drivers/media/dvb-core/dmxdev.o
  CC      drivers/media/dvb-core/dvb_demux.o
  CC      drivers/media/common/videobuf2/videobuf2-v4l2.o
  AR      drivers/input/tablet/built-in.a
  CC      drivers/mfd/mfd-core.o
  CC      drivers/input/touchscreen/nt36672c/nt36xxx_fw_update.o
  CC      drivers/mfd/qcom-i2c-pmic.o
  CC      net/ipv4/gre_demux.o
  CC      drivers/md/dm-target.o
  CC      drivers/mfd/qcom-spmi-pmic.o
  CC      net/ipv4/udp_tunnel_core.o
  CC      drivers/mfd/syscon.o
  CC      drivers/input/touchscreen/nt36672c/nt36xxx_ext_proc.o
  CC      fs/locks.o
  AR      drivers/media/common/videobuf2/built-in.a
  CC      drivers/md/dm-linear.o
  AR      drivers/media/common/built-in.a
  CC      fs/compat.o
  CC      fs/compat_ioctl.o
  AR      drivers/mfd/built-in.a
  CC      drivers/input/touchscreen/tp_common.o
  CC      drivers/media/dvb-core/dvb_ca_en50221.o
  CC      drivers/media/dvb-core/dvb_frontend.o
  CC      fs/binfmt_script.o
  CC      drivers/md/dm-stripe.o
  CC      drivers/md/dm-ioctl.o
  AR      drivers/input/touchscreen/nt36672c/built-in.a
  AR      drivers/input/touchscreen/built-in.a
  AR      drivers/input/built-in.a
  AR      drivers/misc/cb710/built-in.a
  AR      drivers/misc/eeprom/built-in.a
  CC      drivers/mmc/core/core.o
  CC      drivers/misc/fpr_FingerprintCard/fpc1020_platform_tee.o
  CC      drivers/net/bonding/bond_main.o
  CC      net/ipv4/udp_tunnel_nic.o
  AR      drivers/misc/fpr_FingerprintCard/built-in.a
  AR      drivers/misc/lis3lv02d/built-in.a
  AR      drivers/misc/mic/bus/built-in.a
  AR      drivers/misc/mic/built-in.a
  AR      drivers/misc/qrc/built-in.a
  AR      drivers/misc/ti-st/built-in.a
  CC      drivers/misc/hdcp_qseecom.o
  CC      net/wireless/core.o
  CC      drivers/media/dvb-core/dvb_net.o
  CC      drivers/net/bonding/bond_3ad.o
  CC      drivers/nfc/nq-nci.o
  CC      fs/binfmt_elf.o
  CC      drivers/md/dm-io.o
  CC      drivers/misc/msm_hdcp.o
  AR      drivers/nfc/built-in.a
  CC      fs/compat_binfmt_elf.o
  CC      drivers/media/dvb-core/dvb_ringbuffer.o
  CC      drivers/misc/qseecom.o
  CC      drivers/misc/uid_sys_stats.o
  AR      drivers/nvme/host/built-in.a
  AR      drivers/nvme/target/built-in.a
  AR      drivers/nvme/built-in.a
  CC      fs/mbcache.o
  CC      net/ipv4/ip_vti.o
  CC      drivers/md/dm-kcopyd.o
  CC      drivers/media/dvb-core/dvb_math.o
  CC      drivers/net/bonding/bond_alb.o
  CC      fs/posix_acl.o
  CC      drivers/net/bonding/bond_sysfs.o
  CC      net/xdp/xsk.o
  CC      net/wireless/sysfs.o
  AR      drivers/media/dvb-core/built-in.a
  CC      drivers/media/i2c/ir-kbd-i2c.o
  CC      drivers/mmc/core/bus.o
  CC      net/ipv4/syncookies.o
  CC      fs/coredump.o
  CC      drivers/md/dm-sysfs.o
  CC      drivers/mmc/core/host.o
  CC      net/wireless/radiotap.o
  CC      drivers/md/dm-stats.o
  CC      drivers/md/dm-rq.o
  CC      net/xdp/xdp_umem.o
  CC      drivers/net/bonding/bond_sysfs_slave.o
  AR      drivers/media/i2c/built-in.a
  CC      drivers/media/platform/msm/npu/npu_dbg.o
  CC      fs/drop_caches.o
  CC      net/wireless/util.o
  CC      net/wireless/reg.o
  CC      net/xdp/xsk_queue.o
  CC      fs/iomap.o
  CC      drivers/md/dm-builtin.o
  CC      drivers/net/bonding/bond_debugfs.o
  CC      drivers/mmc/core/mmc.o
  CC      net/ipv4/ah4.o
  CC      drivers/media/platform/msm/npu/npu_dev.o
  CC      drivers/net/bonding/bond_netlink.o
  CC      net/ipv4/esp4.o
  CC      drivers/md/dm-bufio.o
  CC      net/xdp/xskmap.o
  CC      fs/dcookies.o
  CC      drivers/net/bonding/bond_options.o
  CC      drivers/media/platform/msm/npu/npu_debugfs.o
  CC      drivers/mmc/core/mmc_ops.o
  CC      drivers/net/bonding/bond_procfs.o
  AR      drivers/misc/built-in.a
  CC      drivers/mmc/core/sd.o
  AR      fs/built-in.a
  CC      drivers/md/dm-crypt.o
  CC      net/wireless/scan.o
  AR      net/xdp/built-in.a
  CC      drivers/nvmem/core.o
  CC      drivers/of/base.o
  CC      drivers/media/platform/msm/npu/npu_host_ipc.o
  CC      drivers/media/platform/msm/npu/npu_hw_access.o
  CC      drivers/media/platform/msm/npu/npu_mgr.o
  CC      net/ipv4/ipcomp.o
  CC      drivers/nvmem/qfprom.o
  CC      drivers/md/dm-default-key.o
  CC      drivers/mmc/core/sd_ops.o
  AR      drivers/net/bonding/built-in.a
  AR      drivers/net/dsa/b53/built-in.a
  AR      drivers/net/dsa/microchip/built-in.a
  AR      drivers/net/dsa/mv88e6xxx/built-in.a
  AR      drivers/net/dsa/built-in.a
  AR      drivers/net/ethernet/3com/built-in.a
  AR      drivers/net/ethernet/8390/built-in.a
  CC      drivers/mmc/core/sdio.o
  AR      drivers/net/ethernet/adaptec/built-in.a
  AR      drivers/net/ethernet/agere/built-in.a
  AR      drivers/net/ethernet/alacritech/built-in.a
  AR      drivers/net/ethernet/alteon/built-in.a
  AR      drivers/net/ethernet/amazon/built-in.a
  AR      drivers/net/ethernet/amd/built-in.a
  AR      drivers/net/ethernet/aquantia/built-in.a
  AR      drivers/net/ethernet/arc/built-in.a
  CC      drivers/nvmem/qcom-spmi-sdam.o
  AR      drivers/net/ethernet/atheros/built-in.a
  AR      drivers/net/ethernet/aurora/built-in.a
  AR      drivers/net/ethernet/broadcom/built-in.a
  AR      drivers/net/ethernet/brocade/built-in.a
  AR      drivers/net/ethernet/cadence/built-in.a
  CC      drivers/net/ethernet/cavium/common/cavium_ptp.o
  CC      drivers/of/device.o
  CC      net/ipv4/xfrm4_tunnel.o
  AR      drivers/media/platform/msm/npu/built-in.a
  AR      drivers/media/platform/msm/built-in.a
  AR      drivers/media/platform/built-in.a
  CC      net/wireless/nl80211.o
  AR      drivers/nvmem/built-in.a
  CC      net/wireless/mlme.o
  AR      drivers/net/ethernet/cavium/common/built-in.a
  CC      drivers/media/rc/keymaps/rc-adstech-dvb-t-pci.o
  AR      drivers/net/ethernet/cavium/liquidio/built-in.a
  AR      drivers/net/ethernet/cavium/octeon/built-in.a
  AR      drivers/net/ethernet/cavium/thunder/built-in.a
  AR      drivers/net/ethernet/cavium/built-in.a
  AR      drivers/net/ethernet/chelsio/built-in.a
  AR      drivers/net/ethernet/cisco/built-in.a
  AR      drivers/net/ethernet/cortina/built-in.a
  AR      drivers/net/ethernet/dec/built-in.a
  AR      drivers/net/ethernet/dlink/built-in.a
  CC      net/ipv4/xfrm4_mode_beet.o
  AR      drivers/net/ethernet/emulex/built-in.a
  CC      drivers/of/platform.o
  AR      drivers/net/ethernet/ezchip/built-in.a
  AR      drivers/net/ethernet/hisilicon/built-in.a
  AR      drivers/net/ethernet/hp/built-in.a
  AR      drivers/net/ethernet/huawei/built-in.a
  AR      drivers/net/ethernet/i825xx/built-in.a
  AR      drivers/net/ethernet/intel/built-in.a
  CC      drivers/md/dm-snap.o
  AR      drivers/net/ethernet/marvell/built-in.a
  AR      drivers/net/ethernet/mellanox/built-in.a
  AR      drivers/net/ethernet/micrel/built-in.a
  AR      drivers/net/ethernet/microchip/built-in.a
  AR      drivers/net/ethernet/mscc/built-in.a
  AR      drivers/net/ethernet/myricom/built-in.a
  AR      drivers/net/ethernet/natsemi/built-in.a
  AR      drivers/net/ethernet/neterion/built-in.a
  AR      drivers/net/ethernet/netronome/built-in.a
  AR      drivers/net/ethernet/ni/built-in.a
  AR      drivers/net/ethernet/nvidia/built-in.a
  AR      drivers/net/ethernet/oki-semi/built-in.a
  AR      drivers/net/ethernet/packetengines/built-in.a
  AR      drivers/net/ethernet/qcom/built-in.a
  AR      drivers/net/ethernet/qlogic/built-in.a
  CC      drivers/media/rc/keymaps/rc-alink-dtu-m.o
  AR      drivers/net/ethernet/qualcomm/emac/built-in.a
  CC      drivers/net/ethernet/qualcomm/rmnet/rmnet_config.o
  CC      drivers/md/dm-exception-store.o
  CC      drivers/mmc/core/sdio_ops.o
  CC      drivers/net/ethernet/qualcomm/rmnet/rmnet_vnd.o
  CC      drivers/media/rc/keymaps/rc-anysee.o
  CC      drivers/of/property.o
  CC      drivers/mmc/core/sdio_bus.o
  CC      drivers/media/rc/keymaps/rc-apac-viewcomp.o
  CC      drivers/media/rc/rc-main.o
  CC      net/ipv4/tunnel4.o
  AR      drivers/net/ethernet/rdc/built-in.a
  CC      drivers/md/dm-snap-transient.o
  CC      drivers/media/rc/keymaps/rc-astrometa-t2hybrid.o
  CC      drivers/of/kobj.o
  CC      drivers/net/ethernet/qualcomm/rmnet/rmnet_handlers.o
  CC      drivers/mmc/core/sdio_cis.o
  CC      drivers/media/rc/keymaps/rc-asus-pc39.o
  CC      drivers/of/fdt.o
  CC      drivers/of/fdt_address.o
  CC      drivers/net/ethernet/qualcomm/rmnet/rmnet_map_data.o
  CC      drivers/media/rc/keymaps/rc-asus-ps3-100.o
  CC      drivers/md/dm-snap-persistent.o
  CC      drivers/net/ethernet/qualcomm/rmnet/rmnet_map_command.o
  CC      drivers/mmc/core/sdio_io.o
  CC      net/ipv4/xfrm4_mode_transport.o
  CC      drivers/media/rc/keymaps/rc-ati-tv-wonder-hd-600.o
  CC      drivers/mmc/core/sdio_irq.o
  CC      drivers/media/rc/keymaps/rc-ati-x10.o
  CC      drivers/of/address.o
  CC      drivers/md/dm-verity-fec.o
  CC      drivers/media/rc/keymaps/rc-avermedia-a16d.o
  CC      drivers/opp/core.o
  CC      drivers/mmc/core/slot-gpio.o
  CC      net/ipv4/xfrm4_mode_tunnel.o
  CC      drivers/media/rc/keymaps/rc-avermedia.o
  CC      drivers/net/ethernet/qualcomm/rmnet/rmnet_descriptor.o
  CC      drivers/of/irq.o
  CC      drivers/md/dm-verity-target.o
  CC      drivers/media/rc/keymaps/rc-avermedia-cardbus.o
  CC      drivers/media/rc/rc-ir-raw.o
  CC      drivers/pci/controller/dwc/pcie-hisi.o
  CC      drivers/opp/cpu.o
  CC      drivers/media/rc/keymaps/rc-avermedia-dvbt.o
  CC      drivers/mmc/core/pwrseq.o
  CC      drivers/opp/of.o
  CC      drivers/of/of_net.o
  CC      drivers/md/dm-bow.o
  CC      net/ipv4/ipconfig.o
  AR      drivers/pci/controller/dwc/built-in.a
  CC      drivers/pci/controller/pci-thunder-ecam.o
  CC      drivers/media/rc/keymaps/rc-avermedia-m135a.o
  CC      drivers/media/rc/lirc_dev.o
  CC      drivers/pci/controller/pci-thunder-pem.o
  CC      drivers/mmc/core/pwrseq_simple.o
  CC      drivers/net/ethernet/qualcomm/rmnet/rmnet_genl.o
  AR      drivers/opp/built-in.a
  CC      drivers/media/rc/ir-spi.o
  CC      drivers/media/rc/keymaps/rc-avermedia-m733a-rm-k6.o
  CC      drivers/of/of_mdio.o
  CC      drivers/pci/controller/pci-xgene.o
  CC      net/ipv4/netfilter.o
  CC      drivers/mmc/core/pwrseq_emmc.o
  CC      drivers/media/rc/keymaps/rc-avermedia-rm-ks.o
  CC      drivers/media/rc/keymaps/rc-avertv-303.o
  AR      drivers/net/ethernet/qualcomm/rmnet/built-in.a
  AR      drivers/net/ethernet/qualcomm/built-in.a
  AR      drivers/net/ethernet/realtek/built-in.a
  AR      drivers/net/ethernet/renesas/built-in.a
  CC      drivers/md/dm-user.o
  AR      drivers/net/ethernet/rocker/built-in.a
  AR      drivers/net/ethernet/samsung/built-in.a
  AR      drivers/net/ethernet/seeq/built-in.a
  AR      drivers/net/ethernet/sfc/built-in.a
  AR      drivers/net/ethernet/silan/built-in.a
  CC      drivers/of/of_reserved_mem.o
  AR      drivers/net/ethernet/sis/built-in.a
  AR      drivers/net/ethernet/smsc/built-in.a
  AR      drivers/net/ethernet/socionext/built-in.a
  CC      drivers/media/rc/keymaps/rc-azurewave-ad-tu700.o
  AR      drivers/net/ethernet/stmicro/built-in.a
  AR      drivers/net/ethernet/sun/built-in.a
  AR      drivers/net/ethernet/synopsys/built-in.a
  AR      drivers/net/ethernet/tehuti/built-in.a
  AR      drivers/net/ethernet/ti/built-in.a
  CC      net/ipv4/netfilter/nf_nat_l3proto_ipv4.o
  AR      drivers/net/ethernet/via/built-in.a
  AR      drivers/net/ethernet/wiznet/built-in.a
  AR      drivers/net/ethernet/built-in.a
  CC      drivers/net/phy/mdio-boardinfo.o
  AR      drivers/pci/controller/built-in.a
  AR      drivers/pci/switch/built-in.a
  CC      drivers/pci/access.o
  CC      drivers/media/rc/keymaps/rc-behold.o
  CC      net/ipv4/netfilter/nf_nat_proto_icmp.o
  CC      drivers/of/of_slimbus.o
  AR      drivers/md/built-in.a
  CC      drivers/pci/bus.o
  CC      drivers/media/rc/keymaps/rc-behold-columbus.o
  CC      drivers/mmc/core/block.o
  CC      drivers/media/tuners/tuner-xc2028.o
  CC      drivers/of/of_batterydata.o
  CC      drivers/media/rc/keymaps/rc-budget-ci-old.o
  CC      net/xfrm/xfrm_policy.o
  CC      drivers/media/rc/keymaps/rc-cec.o
  CC      net/ipv4/netfilter/nf_nat_masquerade_ipv4.o
  CC      drivers/media/v4l2-core/v4l2-dev.o
  AR      drivers/of/built-in.a
  CC      drivers/net/phy/phy.o
  CC      drivers/net/ppp/ppp_generic.o
  CC      drivers/media/rc/keymaps/rc-cinergy-1400.o
  CC      drivers/media/tuners/tuner-simple.o
  CC      drivers/mmc/core/queue.o
  CC      drivers/pci/probe.o
  CC      drivers/media/rc/keymaps/rc-cinergy.o
  CC      drivers/media/v4l2-core/v4l2-ioctl.o
  CC      drivers/net/phy/phy-c45.o
  CC      net/ipv4/netfilter/nf_defrag_ipv4.o
  AR      drivers/mmc/core/built-in.a
  CC      drivers/mmc/host/sdhci.o
  CC      drivers/media/rc/keymaps/rc-d680-dmb.o
  CC      drivers/media/tuners/tuner-types.o
  CC      drivers/pci/host-bridge.o
  CC      drivers/media/tuners/mt20xx.o
  CC      drivers/media/rc/keymaps/rc-delock-61959.o
  CC      net/ipv4/netfilter/nf_socket_ipv4.o
  CC      drivers/net/phy/phy-core.o
  CC      net/xfrm/xfrm_state.o
  CC      drivers/media/rc/keymaps/rc-dib0700-nec.o
  CC      drivers/net/ppp/ppp_async.o
  CC      drivers/pci/remove.o
  CC      drivers/media/v4l2-core/v4l2-device.o
  CC      drivers/media/tuners/tda8290.o
  CC      drivers/media/rc/keymaps/rc-dib0700-rc5.o
  CC      drivers/net/phy/phy_device.o
  CC      net/wireless/ibss.o
  CC      drivers/media/v4l2-core/v4l2-fh.o
  CC      drivers/media/rc/keymaps/rc-digitalnow-tinytwin.o
  CC      drivers/pci/pci.o
  CC      drivers/net/ppp/bsd_comp.o
  CC      net/ipv4/netfilter/nf_tproxy_ipv4.o
  CC      drivers/media/tuners/tda9887.o
  CC      drivers/mmc/host/sdhci-pltfm.o
  CC      drivers/media/rc/keymaps/rc-digittrade.o
  CC      drivers/net/ppp/ppp_deflate.o
  CC      drivers/media/rc/keymaps/rc-dm1105-nec.o
  CC      drivers/net/phy/mdio_bus.o
  CC      drivers/media/v4l2-core/v4l2-event.o
  CC      drivers/net/ppp/ppp_mppe.o
  CC      drivers/media/rc/keymaps/rc-dntv-live-dvb-t.o
  CC      drivers/mmc/host/sdhci-msm.o
  CC      net/wireless/sme.o
  CC      drivers/media/rc/keymaps/rc-dntv-live-dvbt-pro.o
  CC      drivers/net/ppp/ppp_synctty.o
  CC      net/ipv4/netfilter/nf_log_ipv4.o
  CC      drivers/media/tuners/tda827x.o
  CC      drivers/media/v4l2-core/v4l2-ctrls.o
  CC      drivers/media/rc/keymaps/rc-dtt200u.o
  CC      net/xfrm/xfrm_hash.o
  CC      drivers/media/rc/keymaps/rc-dvbsky.o
  CC      net/ipv4/netfilter/nf_reject_ipv4.o
  CC      drivers/media/tuners/tda18271-maps.o
  CC      drivers/media/rc/keymaps/rc-dvico-mce.o
  CC      drivers/net/ppp/pppox.o
  CC      drivers/net/phy/mdio_device.o
  CC      drivers/media/tuners/tda18271-common.o
  CC      net/xfrm/xfrm_input.o
  CC      drivers/media/rc/keymaps/rc-dvico-portable.o
  CC      drivers/mmc/host/cqhci.o
  CC      net/wireless/chan.o
  CC      drivers/media/v4l2-core/v4l2-subdev.o
  CC      drivers/pci/pci-driver.o
  CC      drivers/media/tuners/tda18271-fe.o
  CC      drivers/media/rc/keymaps/rc-em-terratec.o
  CC      net/ipv4/netfilter/nf_nat_h323.o
  CC      drivers/net/phy/swphy.o
  CC      drivers/media/rc/keymaps/rc-encore-enltv2.o
  CC      drivers/net/ppp/pppoe.o
  CC      drivers/media/v4l2-core/v4l2-clk.o
  CC      drivers/media/rc/keymaps/rc-encore-enltv.o
  CC      drivers/mmc/host/cqhci-crypto.o
  CC      drivers/pci/search.o
  CC      drivers/net/phy/fixed_phy.o
  CC      drivers/media/tuners/xc5000.o
  CC      drivers/media/rc/keymaps/rc-encore-enltv-fm53.o
  CC      drivers/media/v4l2-core/v4l2-async.o
  CC      net/xfrm/xfrm_output.o
  CC      drivers/media/rc/keymaps/rc-evga-indtube.o
  CC      drivers/pci/pci-sysfs.o
  CC      net/ipv4/netfilter/nf_nat_pptp.o
  CC      net/wireless/ethtool.o
  CC      drivers/net/ppp/pptp.o
  AR      drivers/net/phy/built-in.a
  CC      net/xfrm/xfrm_sysctl.o
  CC      drivers/media/rc/keymaps/rc-eztv.o
  CC      drivers/mmc/host/cqhci-crypto-qti.o
  CC      drivers/media/rc/keymaps/rc-flydvb.o
  CC      drivers/media/v4l2-core/v4l2-compat-ioctl32.o
  CC      drivers/pci/rom.o
  CC      net/ipv4/netfilter/nf_nat_proto_gre.o
  CC      drivers/media/tuners/xc4000.o
  CC      net/ipv4/netfilter/ip_tables.o
  CC      drivers/media/rc/keymaps/rc-flyvideo.o
  AR      drivers/net/ppp/built-in.a
  CC      drivers/net/slip/slhc.o
  CC      drivers/media/rc/keymaps/rc-fusionhdtv-mce.o
  CC      drivers/pci/setup-res.o
  AR      drivers/mmc/host/built-in.a
  AR      drivers/mmc/built-in.a
  CC      drivers/pci/irq.o
  CC      net/wireless/mesh.o
  CC      drivers/media/rc/keymaps/rc-gadmei-rm008z.o
  CC      net/xfrm/xfrm_replay.o
  CC      net/wireless/ap.o
  CC      drivers/media/rc/keymaps/rc-geekbox.o
  CC      drivers/pci/vpd.o
  AR      drivers/net/slip/built-in.a
  CC      drivers/perf/arm_pmu.o
  CC      drivers/media/rc/keymaps/rc-genius-tvgo-a11mce.o
  CC      drivers/net/usb/rtl8150.o
  CC      net/ipv4/netfilter/iptable_filter.o
  CC      drivers/media/tuners/mc44s803.o
  CC      drivers/net/usb/r8152.o
  CC      drivers/pci/setup-bus.o
  CC      net/wireless/trace.o
  CC      drivers/media/rc/keymaps/rc-gotview7135.o
  CC      net/xfrm/xfrm_device.o
  CC      drivers/media/rc/keymaps/rc-hisi-poplar.o
  CC      net/ipv4/netfilter/iptable_mangle.o
  CC      drivers/net/usb/asix_devices.o
  CC      drivers/perf/arm_pmu_platform.o
  CC      drivers/media/rc/keymaps/rc-hisi-tv-demo.o
  AR      drivers/media/tuners/built-in.a
  CC      drivers/perf/qcom_llcc_pmu.o
  CC      net/xfrm/xfrm_proc.o
  CC      drivers/pci/vc.o
  CC      drivers/media/rc/keymaps/rc-imon-mce.o
  CC      net/xfrm/xfrm_algo.o
  CC      net/xfrm/xfrm_user.o
  CC      drivers/media/rc/keymaps/rc-imon-pad.o
  CC      drivers/pci/mmap.o
  AR      drivers/perf/built-in.a
  CC      drivers/net/usb/asix_common.o
  CC      net/ipv4/netfilter/iptable_nat.o
  AR      drivers/phy/broadcom/built-in.a
  AR      drivers/phy/hisilicon/built-in.a
  AR      drivers/phy/marvell/built-in.a
  AR      drivers/phy/motorola/built-in.a
  CC      drivers/phy/qualcomm/phy-qcom-ufs.o
  CC      drivers/media/rc/keymaps/rc-imon-rsc.o
  CC      drivers/media/v4l2-core/v4l2-trace.o
  CC      drivers/pci/setup-irq.o
  CC      drivers/media/rc/keymaps/rc-iodata-bctv7e.o
  CC      drivers/phy/qualcomm/phy-qcom-ufs-qrbtc-sdm845.o
  CC      drivers/media/rc/keymaps/rc-it913x-v1.o
  CC      net/ipv4/netfilter/iptable_raw.o
  CC      drivers/phy/qualcomm/phy-qcom-ufs-qmp-v4.o
  AR      drivers/phy/ralink/built-in.a
  CC      net/ipv4/netfilter/iptable_security.o
  CC      drivers/pci/proc.o
  CC      net/ipv4/netfilter/ipt_ah.o
  CC      drivers/media/v4l2-core/v4l2-mc.o
  CC      drivers/media/rc/keymaps/rc-it913x-v2.o
  CC      drivers/net/usb/ax88172a.o
  CC      drivers/phy/qualcomm/phy-qcom-ufs-qmp-v4-lito.o
  CC      drivers/media/rc/keymaps/rc-kaiomy.o
  CC      drivers/phy/qualcomm/phy-qcom-ufs-qmp-v3-660.o
  AR      drivers/pinctrl/actions/built-in.a
  AR      drivers/pinctrl/bcm/built-in.a
  AR      drivers/pinctrl/cirrus/built-in.a
  AR      drivers/pinctrl/freescale/built-in.a
  CC      net/ipv4/netfilter/ipt_rpfilter.o
  AR      drivers/pinctrl/mediatek/built-in.a
  CC      net/xfrm/xfrm_ipcomp.o
  AR      drivers/pinctrl/mvebu/built-in.a
  AR      drivers/pinctrl/nomadik/built-in.a
  CC      drivers/pinctrl/qcom/pinctrl-msm.o
  CC      drivers/media/rc/keymaps/rc-kworld-315u.o
  CC      drivers/net/usb/ax_main.o
  CC      drivers/phy/qualcomm/phy-qcom-ufs-qmp-v3.o
  CC      drivers/media/rc/keymaps/rc-kworld-pc150u.o
  CC      drivers/pci/slot.o
  CC      drivers/media/v4l2-core/v4l2-common.o
  AR      drivers/phy/qualcomm/built-in.a
  AR      drivers/phy/samsung/built-in.a
  AR      drivers/phy/st/built-in.a
  AR      drivers/phy/ti/built-in.a
  CC      drivers/phy/phy-core.o
  CC      drivers/phy/phy-xgene.o
  CC      drivers/media/rc/keymaps/rc-kworld-plus-tv-analog.o
  CC      drivers/pinctrl/qcom/pinctrl-spmi-gpio.o
  CC      drivers/media/rc/keymaps/rc-leadtek-y04g0051.o
  CC      drivers/media/v4l2-core/v4l2-dv-timings.o
  CC      drivers/pci/of.o
  CC      net/xfrm/xfrm_interface_core.o
  CC      net/ipv4/netfilter/ipt_MASQUERADE.o
  CC      drivers/net/usb/ax88179_178a.o
  CC      drivers/media/rc/keymaps/rc-lme2510.o
  AR      drivers/phy/built-in.a
  CC      net/ipv4/netfilter/ipt_REJECT.o
  CC      drivers/pinctrl/qcom/pinctrl-spmi-mpp.o
  CC      net/ipv4/netfilter/arp_tables.o
  CC      drivers/media/rc/keymaps/rc-manli.o
  CC      drivers/media/rc/keymaps/rc-medion-x10.o
  CC      drivers/pci/quirks.o
  CC      drivers/pci/msi.o
  CC      drivers/pinctrl/qcom/pinctrl-lito.o
  AR      net/xfrm/built-in.a
  CC      drivers/media/media-device.o
  CC      drivers/media/rc/keymaps/rc-medion-x10-digitainer.o
  CC      drivers/media/v4l2-core/v4l2-mem2mem.o
  CC      drivers/media/rc/keymaps/rc-medion-x10-or2x.o
  CC      drivers/net/usb/ax88179a_772d.o
  CC      net/wireless/ocb.o
  CC      drivers/media/rc/keymaps/rc-msi-digivox-ii.o
  CC      drivers/pinctrl/qcom/pinctrl-lagoon.o
  CC      drivers/net/usb/cdc_ether.o
  CC      drivers/media/rc/keymaps/rc-msi-digivox-iii.o
  CC      net/ipv4/netfilter/arpt_mangle.o
  CC      net/ipv4/netfilter/arptable_filter.o
  AR      drivers/media/v4l2-core/built-in.a
  CC      drivers/pci/syscall.o
  AR      drivers/pinctrl/sprd/built-in.a
  AR      drivers/pinctrl/qcom/built-in.a
  AR      drivers/pinctrl/ti/built-in.a
  CC      drivers/pinctrl/core.o
  CC      drivers/platform/msm/gsi/gsi.o
  CC      drivers/platform/msm/gsi/gsi_dbg.o
  CC      drivers/media/rc/keymaps/rc-msi-tvanywhere.o
  CC      net/ipv4/inet_diag.o
  CC      drivers/media/rc/keymaps/rc-msi-tvanywhere-plus.o
  CC      net/ipv4/netfilter/nf_dup_ipv4.o
  CC      drivers/media/rc/keymaps/rc-nebula.o
  CC      drivers/pinctrl/pinctrl-utils.o
  CC      drivers/media/rc/keymaps/rc-nec-terratec-cinergy-xs.o
  CC      drivers/net/usb/net1080.o
  CC      drivers/platform/msm/ipa/ipa_clients/ipa_usb.o
  AR      drivers/pci/built-in.a
  CC      drivers/platform/msm/ipa/ipa_v3/ipahal/ipahal.o
  CC      drivers/platform/msm/ipa/ipa_clients/odu_bridge.o
  CC      drivers/media/rc/keymaps/rc-norwood.o
  CC      net/wireless/of.o
  CC      drivers/pinctrl/pinmux.o
  CC      drivers/media/rc/keymaps/rc-npgtech.o
  CC      drivers/platform/msm/ipa/ipa_v3/ipa.o
  CC      drivers/platform/msm/ipa/ipa_v3/ipahal/ipahal_reg.o
  CC      drivers/media/rc/keymaps/rc-pctv-sedna.o
  AR      drivers/platform/msm/gsi/built-in.a
  CC      drivers/platform/msm/ipa/ipa_v3/ipahal/ipahal_fltrt.o
  CC      drivers/net/usb/cdc_subset.o
  CC      drivers/pinctrl/pinconf.o
  CC      drivers/media/rc/keymaps/rc-pinnacle-color.o
  CC      net/wireless/regdb.o
  CC      drivers/media/rc/keymaps/rc-pinnacle-grey.o
  AR      net/ipv4/netfilter/built-in.a
  CC      net/ipv4/tcp_diag.o
  CC      drivers/platform/msm/ipa/ipa_clients/ipa_mhi_client.o
  CC      drivers/net/usb/zaurus.o
  CC      net/wireless/shipped-certs.o
  CC      drivers/pinctrl/devicetree.o
  CC      drivers/media/rc/keymaps/rc-pinnacle-pctv-hd.o
  CC      drivers/pinctrl/pinconf-generic.o
  CC      drivers/net/usb/usbnet.o
  CC      net/ipv4/udp_diag.o
  CC      net/wireless/wext-core.o
  CC      drivers/platform/msm/ipa/ipa_clients/ipa_uc_offload.o
  CC      drivers/media/rc/keymaps/rc-pixelview.o
  AR      drivers/pinctrl/built-in.a
  CC      drivers/platform/msm/sps/bam.o
  CC      drivers/power/reset/msm-poweroff.o
  CC      drivers/power/supply/maxim/onewire_gpio.o
  CC      drivers/platform/msm/ipa/ipa_v3/ipahal/ipahal_hw_stats.o
  CC      drivers/media/rc/keymaps/rc-pixelview-mk12.o
  CC      net/ipv4/tcp_cubic.o
  CC      drivers/media/rc/keymaps/rc-pixelview-002t.o
  CC      drivers/platform/msm/sps/sps_bam.o
  CC      drivers/media/rc/keymaps/rc-pixelview-new.o
  CC      net/wireless/wext-proc.o
  CC      drivers/platform/msm/ipa/ipa_clients/ipa_wdi3.o
  CC      drivers/power/supply/maxim/ucl_sha3.o
  CC      drivers/power/reset/xgene-reboot.o
  CC      drivers/platform/msm/ipa/ipa_v3/ipahal/ipahal_nat.o
  CC      drivers/media/rc/keymaps/rc-powercolor-real-angel.o
  CC      drivers/net/usb/cdc_ncm.o
  CC      drivers/power/supply/maxim/sha384_software.o
  CC      net/ipv4/tcp_bpf.o
  CC      drivers/power/supply/maxim/ds28e16.o
  CC      drivers/platform/msm/sps/sps.o
  CC      drivers/power/reset/syscon-reboot.o
  CC      net/wireless/wext-spy.o
  CC      drivers/media/rc/keymaps/rc-proteus-2309.o
  CC      drivers/media/rc/keymaps/rc-purpletv.o
  AR      drivers/power/reset/built-in.a
  CC      drivers/platform/msm/ipa/ipa_clients/ipa_gsb.o
  AR      drivers/power/supply/maxim/built-in.a
  CC      drivers/power/supply/qcom/step-chg-jeita.o
  CC      drivers/media/rc/keymaps/rc-pv951.o
  AR      drivers/platform/msm/ipa/ipa_v3/ipahal/built-in.a
  CC      drivers/power/supply/qcom/battery.o
  CC      net/wireless/wext-priv.o
  AR      drivers/pps/clients/built-in.a
  AR      drivers/pps/generators/built-in.a
  CC      drivers/pps/pps.o
  CC      drivers/media/rc/keymaps/rc-hauppauge.o
  CC      drivers/ptp/ptp_clock.o
  CC      net/ipv4/udp_bpf.o
  CC      drivers/platform/msm/ipa/ipa_v3/ipa_debugfs.o
  CC      drivers/platform/msm/ipa/ipa_v3/ipa_hdr.o
  CC      drivers/media/rc/keymaps/rc-rc6-mce.o
  CC      drivers/platform/msm/sps/sps_dma.o
  AR      net/wireless/built-in.a
  CC      drivers/platform/msm/ipa/ipa_v3/ipa_flt.o
  CC      drivers/platform/msm/sps/sps_map.o
  CC      drivers/power/supply/qcom/qpnp-smb5.o
  CC      drivers/pps/kapi.o
  CC      drivers/media/rc/keymaps/rc-real-audio-220-32-keys.o
  CC      drivers/media/rc/keymaps/rc-reddo.o
  CC      drivers/ptp/ptp_chardev.o
  CC      drivers/platform/msm/sps/sps_mem.o
  CC      drivers/pps/sysfs.o
  AR      drivers/net/usb/built-in.a
  CC      drivers/net/wireguard/main.o
  CC      drivers/media/rc/keymaps/rc-snapstream-firefly.o
  AR      drivers/pps/built-in.a
  CC      drivers/power/supply/qcom/smb5-lib.o
  CC      drivers/platform/msm/ipa/ipa_clients/ipa_wigig.o
  CC      drivers/ptp/ptp_sysfs.o
  CC      drivers/platform/msm/ipa/ipa_clients/rndis_ipa.o
  CC      drivers/media/rc/keymaps/rc-streamzap.o
  CC      drivers/media/rc/keymaps/rc-tango.o
  CC      drivers/platform/msm/sps/sps_rm.o
  CC      drivers/platform/msm/ipa/ipa_v3/ipa_rt.o
  CC      net/ipv4/cipso_ipv4.o
  CC      net/ipv4/xfrm4_policy.o
  CC      drivers/media/rc/keymaps/rc-tbs-nec.o
  AR      drivers/platform/msm/sps/built-in.a
  CC      net/ipv4/xfrm4_state.o
  CC      drivers/media/rc/keymaps/rc-technisat-ts35.o
  AR      drivers/ptp/built-in.a
  CC      net/ipv4/xfrm4_input.o
  CC      drivers/media/rc/keymaps/rc-technisat-usb2.o
  CC      drivers/net/wireguard/noise.o
  AR      drivers/net/wireless/admtek/built-in.a
  AR      drivers/net/wireless/ath/built-in.a
  AR      drivers/net/wireless/atmel/built-in.a
  AR      drivers/net/wireless/broadcom/built-in.a
  CC      drivers/net/dummy.o
  AR      drivers/net/wireless/cisco/built-in.a
  CC      drivers/net/wireless/cnss_genl/cnss_nl.o
  CC      drivers/pwm/core.o
  CC      drivers/platform/msm/ipa/ipa_v3/ipa_dp.o
  AR      drivers/platform/msm/ipa/ipa_clients/built-in.a
  CC      drivers/media/rc/keymaps/rc-terratec-cinergy-c-pci.o
  CC      drivers/ras/ras.o
  CC      drivers/platform/msm/ipa/ipa_api.o
  CC      drivers/regulator/core.o
  AR      drivers/net/wireless/cnss_genl/built-in.a
  CC      drivers/power/supply/qcom/pmic-voter.o
  CC      drivers/net/wireless/cnss_prealloc/cnss_prealloc.o
  CC      drivers/media/rc/keymaps/rc-terratec-cinergy-s2-hd.o
  CC      drivers/pwm/sysfs.o
  CC      drivers/media/rc/keymaps/rc-terratec-cinergy-xs.o
  CC      net/ipv4/xfrm4_output.o
  CC      drivers/net/wireguard/device.o
  AR      drivers/net/wireless/cnss_prealloc/built-in.a
  CC      drivers/net/wireless/cnss_utils/cnss_utils.o
  CC      drivers/power/supply/qcom/storm-watch.o
  CC      drivers/pwm/pwm-qti-lpg.o
  CC      drivers/media/rc/keymaps/rc-terratec-slim.o
  CC      drivers/power/supply/qcom/schgm-flash.o
  CC      drivers/media/rc/keymaps/rc-terratec-slim-2.o
  CC      drivers/ras/debugfs.o
  CC      drivers/power/supply/qcom/smb1390-charger-psy.o
  CC      drivers/media/rc/keymaps/rc-tevii-nec.o
  CC      drivers/net/wireguard/peer.o
  AR      drivers/net/wireless/cnss_utils/built-in.a
  AR      drivers/net/wireless/intel/built-in.a
  AR      drivers/net/wireless/intersil/built-in.a
  AR      drivers/net/wireless/marvell/built-in.a
  AR      drivers/net/wireless/mediatek/built-in.a
  AR      drivers/net/wireless/quantenna/built-in.a
  AR      drivers/net/wireless/ralink/built-in.a
  AR      drivers/net/wireless/realtek/built-in.a
  AR      drivers/net/wireless/rsi/built-in.a
  AR      drivers/net/wireless/st/built-in.a
  CC      net/ipv4/xfrm4_protocol.o
  AR      drivers/net/wireless/ti/built-in.a
  AR      drivers/net/wireless/zydas/built-in.a
  AR      drivers/net/wireless/built-in.a
  CC      drivers/net/wireguard/timers.o
  CC      drivers/media/rc/keymaps/rc-tivo.o
  CC      drivers/regulator/dummy.o
  AR      drivers/ras/built-in.a
  CC      drivers/media/rc/keymaps/rc-total-media-in-hand.o
  CC      drivers/power/supply/qcom/smb1355-charger.o
  AR      drivers/pwm/built-in.a
  CC      drivers/power/supply/power_supply_core.o
  CC      drivers/platform/msm/ipa/ipa_v3/ipa_client.o
  CC      drivers/media/media-devnode.o
  CC      drivers/net/mii.o
  CC      drivers/media/rc/keymaps/rc-total-media-in-hand-02.o
  CC      drivers/net/wireguard/queueing.o
  CC      net/ipv4/bpf_tcp_ca.o
  CC      drivers/power/supply/power_supply_sysfs.o
  CC      drivers/media/rc/keymaps/rc-trekstor.o
  CC      drivers/power/supply/qcom/qpnp-qg.o
  CC      drivers/platform/msm/msm_ext_display.o
  CC      drivers/regulator/fixed-helper.o
  CC      drivers/media/rc/keymaps/rc-tt-1500.o
  CC      drivers/media/rc/keymaps/rc-twinhan-dtv-cab-ci.o
  CC      drivers/power/supply/qcom/qg-util.o
  CC      drivers/platform/msm/ipa/ipa_v3/ipa_utils.o
  CC      drivers/net/wireguard/send.o
  CC      drivers/power/supply/power_supply_leds.o
  CC      net/ipv4/udp.o
  AR      drivers/reset/hisilicon/built-in.a
  CC      drivers/reset/core.o
  CC      drivers/media/rc/keymaps/rc-twinhan1027.o
  CC      drivers/media/rc/keymaps/rc-videomate-m1f.o
  CC      drivers/rpmsg/rpmsg_core.o
  CC      drivers/rtc/rtc-lib.o
  GEN     drivers/scsi/scsi_devinfo_tbl.c
  CC      drivers/scsi/ufs/ufs-qcom.o
  CC      drivers/regulator/helpers.o
  CC      drivers/media/rc/keymaps/rc-videomate-s350.o
  CC      drivers/power/supply/qcom/qg-soc.o
  AR      drivers/reset/built-in.a
  CC      drivers/power/supply/qcom/qg-sdam.o
  CC      drivers/net/wireguard/receive.o
  CC      drivers/rtc/hctosys.o
  CC      drivers/rpmsg/rpmsg_char.o
  CC      drivers/rpmsg/qcom_glink_native.o
  CC      drivers/media/rc/keymaps/rc-videomate-tv-pvr.o
  CC      drivers/power/supply/qcom/qg-battery-profile.o
  CC      drivers/regulator/devres.o
  CC      drivers/rtc/systohc.o
  CC      drivers/media/rc/keymaps/rc-winfast.o
  CC      drivers/regulator/of_regulator.o
  CC      drivers/power/supply/qcom/qg-profile-lib.o
  CC      drivers/platform/msm/ipa/ipa_v3/ipa_nat.o
  CC      drivers/rtc/class.o
  CC      drivers/net/wireguard/socket.o
  CC      drivers/power/supply/qcom/fg-alg.o
  CC      drivers/media/rc/keymaps/rc-winfast-usbii-deluxe.o
  CC      drivers/scsi/ufs/ufshcd.o
  CC      drivers/rpmsg/qcom_glink_smem.o
  CC      drivers/media/rc/keymaps/rc-su3000.o
  CC      drivers/power/supply/qcom/smb1398-charger.o
  AR      net/ipv4/built-in.a
  CC      net/compat.o
  CC      drivers/regulator/fixed.o
  CC      drivers/scsi/ufs/ufs-sysfs.o
  CC      drivers/media/rc/keymaps/rc-zx-irdec.o
  CC      drivers/rtc/interface.o
  CC      drivers/rpmsg/qcom_glink_spss.o
  AR      drivers/media/rc/keymaps/built-in.a
  AR      drivers/media/rc/built-in.a
  CC      drivers/media/media-entity.o
  CC      drivers/platform/msm/ipa/ipa_v3/ipa_intf.o
  CC      drivers/power/supply/qcom/bq2597x_charger.o
  AR      drivers/rpmsg/built-in.a
  CC      drivers/net/wireguard/peerlookup.o
  CC      drivers/regulator/proxy-consumer.o
  CC      drivers/regulator/qcom-rpmh-regulator.o
  AR      drivers/media/built-in.a
  CC      drivers/scsi/ufs/ufshcd-crypto.o
  CC      drivers/rtc/nvmem.o
  CC      net/sysctl_net.o
  CC      drivers/slimbus/slimbus.o
  CC      drivers/net/wireguard/allowedips.o
  CC      drivers/platform/msm/ipa/ipa_v3/teth_bridge.o
  CC      drivers/slimbus/slim-msm.o
  CC      drivers/regulator/qcom_pm8008-regulator.o
  CC      drivers/rtc/rtc-dev.o
  AR      drivers/power/supply/qcom/built-in.a
  AR      drivers/power/supply/built-in.a
  AR      drivers/power/built-in.a
  CC      drivers/slimbus/slim-msm-ngd.o
  CC      drivers/platform/msm/ipa/ipa_v3/ipa_interrupts.o
  CC      drivers/rtc/rtc-proc.o
  CC      drivers/scsi/ufs/ufshcd-crypto-qti.o
  AR      net/built-in.a
  CC      drivers/net/wireguard/ratelimiter.o
  CC      drivers/regulator/qcom_spmi-regulator.o
  CC      drivers/platform/msm/ipa/ipa_rm.o
  CC      drivers/platform/msm/ipa/ipa_v3/ipa_uc.o
  CC      drivers/net/wireguard/cookie.o
  CC      drivers/platform/msm/ipa/ipa_rm_dependency_graph.o
  CC      drivers/rtc/rtc-sysfs.o
  CC      drivers/regulator/qpnp-lcdb-regulator.o
  CC      drivers/scsi/scsi.o
  CC      drivers/platform/msm/ipa/ipa_v3/ipa_uc_wdi.o
  CC      drivers/platform/msm/ipa/ipa_v3/ipa_dma.o
  CC      drivers/platform/msm/ipa/ipa_v3/ipa_uc_mhi.o
  CC      drivers/net/wireguard/netlink.o
  CC      drivers/rtc/rtc-pm8xxx.o
  AR      drivers/rtc/built-in.a
  CC      drivers/regulator/qpnp-amoled-regulator.o
  CC      drivers/net/Space.o
  CC      drivers/net/loopback.o
  AR      drivers/slimbus/built-in.a
  AR      drivers/soc/amlogic/built-in.a
  AR      drivers/soc/bcm/built-in.a
  AR      drivers/soc/fsl/built-in.a
  CC      drivers/scsi/ufs/ufshcd-pltfrm.o
  AR      drivers/soc/mediatek/built-in.a
  CC      drivers/soc/qcom/memshare/heap_mem_ext_v01.o
  CC      drivers/soc/qcom/msm_bus/msm_bus_core.o
  AR      drivers/net/wireguard/built-in.a
  CC      drivers/soc/qcom/memshare/msm_memshare.o
  CC      drivers/regulator/refgen.o
  CC      drivers/net/tun.o
  CC      drivers/platform/msm/ipa/ipa_rm_peers_list.o
  CC      drivers/soc/qcom/msm_bus/msm_bus_client_api.o
  CC      drivers/soc/qcom/msm_bus/msm_bus_of.o
  CC      drivers/platform/msm/ipa/ipa_v3/ipa_mhi.o
  CC      drivers/platform/msm/ipa/ipa_rm_resource.o
  AR      drivers/scsi/ufs/built-in.a
  CC      drivers/scsi/hosts.o
  AR      drivers/soc/qcom/memshare/built-in.a
  CC      drivers/scsi/scsi_ioctl.o
  CC      drivers/regulator/rpmh-regulator.o
  CC      drivers/soc/qcom/cmd-db.o
  CC      drivers/soc/qcom/qdsp6v2/cdsp-loader.o
  CC      drivers/scsi/scsicam.o
  CC      drivers/soc/qcom/msm_bus/msm_bus_fabric_rpmh.o
  CC      drivers/soc/qcom/msm_bus/msm_bus_arb_rpmh.o
  CC      drivers/platform/msm/ipa/ipa_v3/ipa_uc_ntn.o
  CC      drivers/spi/spi.o
  AR      drivers/soc/qcom/qdsp6v2/built-in.a
  CC      drivers/spmi/spmi.o
  CC      drivers/soc/qcom/cpuss_dump.o
  CC      drivers/regulator/stub-regulator.o
  CC      drivers/scsi/scsi_error.o
  CC      drivers/platform/msm/ipa/ipa_v3/ipa_hw_stats.o
  CC      drivers/soc/qcom/mdt_loader.o
  CC      drivers/soc/qcom/msm_bus/msm_bus_rules.o
  AR      drivers/regulator/built-in.a
  CC      drivers/soc/qcom/qmi_encdec.o
  CC      drivers/spmi/spmi-pmic-arb.o
  CC      drivers/platform/msm/ipa/ipa_v3/ipa_pm.o
  CC      drivers/platform/msm/ipa/ipa_v3/ipa_wdi3_i.o
  CC      drivers/net/veth.o
  CC      drivers/soc/qcom/qmi_interface.o
  CC      drivers/soc/qcom/qmi_rmnet.o
  CC      drivers/scsi/scsi_lib.o
  CC      drivers/soc/qcom/msm_bus/msm_bus_bimc_rpmh.o
  AR      drivers/spmi/built-in.a
  CC      drivers/soc/qcom/msm_bus/msm_bus_noc_rpmh.o
  CC      drivers/staging/android/ion/msm/msm_ion_of.o
  AR      drivers/soc/renesas/built-in.a
  CC      drivers/staging/android/ashmem.o
  CC      drivers/spi/spidev.o
  AR      drivers/soc/xilinx/built-in.a
  CC      drivers/platform/msm/ipa/ipa_v3/ipa_odl.o
  CC      drivers/soc/qcom/msm_bus/msm_bus_proxy_client.o
  AR      drivers/staging/android/ion/msm/built-in.a
  CC      drivers/staging/android/ion/ion.o
  CC      drivers/soc/qcom/msm_bus/msm_bus_of_rpmh.o
  CC      drivers/platform/msm/ipa/ipa_v3/ipa_wigig_i.o
  CC      drivers/platform/msm/qpnp-revid.o
  AR      drivers/net/built-in.a
  CC      drivers/staging/android/ion/ion-ioctl.o
  CC      drivers/platform/msm/ipa/ipa_v3/rmnet_ipa.o
  AR      drivers/soc/qcom/msm_bus/built-in.a
  AR      drivers/thermal/broadcom/built-in.a
  CC      drivers/thermal/qcom/adc-tm.o
  CC      drivers/scsi/constants.o
  CC      drivers/thermal/qcom/adc-tm-common.o
  CC      drivers/staging/android/ion/ion_heap.o
  CC      drivers/spi/spi-geni-qcom.o
  AR      drivers/thermal/samsung/built-in.a
  CC      drivers/staging/android/ion/ion_page_pool.o
  AR      drivers/thermal/tegra/built-in.a
  CC      drivers/platform/msm/usb_bam.o
  CC      drivers/soc/qcom/dfc_qmi.o
  CC      drivers/scsi/scsi_lib_dma.o
  CC      drivers/thermal/qcom/adc-tm5.o
  CC      drivers/soc/qcom/dfc_qmap.o
  CC      drivers/thermal/qcom/adc-tm7.o
  CC      drivers/staging/android/ion/ion_system_heap.o
  AR      drivers/spi/built-in.a
  CC      drivers/staging/android/ion/ion_carveout_heap.o
  CC      drivers/thermal/thermal_core.o
  CC      drivers/thermal/qcom/qti_virtual_sensor.o
  AR      drivers/tty/ipwireless/built-in.a
  CC      drivers/tty/serial/serial_core.o
  CC      drivers/tty/serial/earlycon.o
  CC      drivers/scsi/scsi_scan.o
  CC      drivers/staging/android/ion/ion_chunk_heap.o
  CC      drivers/soc/qcom/wda_qmi.o
  CC      drivers/tty/serial/msm_geni_serial.o
  CC      drivers/thermal/qcom/thermal_sensor_service_v01.o
  CC      drivers/thermal/thermal_sysfs.o
  CC      drivers/thermal/qcom/qmi_sensors.o
  CC      drivers/platform/msm/ipa/ipa_v3/ipa_qmi_service_v01.o
  CC      drivers/soc/qcom/rpmh-rsc.o
  CC      drivers/staging/android/ion/ion_system_secure_heap.o
  CC      drivers/scsi/scsi_sysfs.o
  CC      drivers/scsi/scsi_devinfo.o
  CC      drivers/thermal/thermal_helpers.o
  CC      drivers/soc/qcom/rpmh.o
  AR      drivers/tty/serial/built-in.a
  AR      drivers/tty/vt/built-in.a
  CC      drivers/tty/tty_io.o
  CC      drivers/platform/msm/ipa/ipa_v3/ipa_qmi_service.o
  CC      drivers/staging/android/ion/ion_cma_heap.o
  CC      drivers/thermal/thermal_hwmon.o
  CC      drivers/tty/n_tty.o
  CC      drivers/soc/qcom/smem.o
  CC      drivers/thermal/qcom/bcl_pmic5.o
  CC      drivers/platform/msm/ipa/ipa_v3/rmnet_ipa_fd_ioctl.o
  CC      drivers/scsi/scsi_sysctl.o
  CC      drivers/thermal/qcom/bcl_soc.o
  CC      drivers/staging/android/ion/ion_secure_util.o
  CC      drivers/scsi/scsi_proc.o
  CC      drivers/soc/qcom/smem_state.o
  CC      drivers/scsi/scsi_trace.o
  CC      drivers/thermal/qcom/thermal_mitigation_device_service_v01.o
  CC      drivers/scsi/scsi_logging.o
  CC      drivers/scsi/scsi_pm.o
  CC      drivers/thermal/qcom/qmi_cooling.o
  CC      drivers/tty/tty_ioctl.o
  CC      drivers/thermal/of-thermal.o
  CC      drivers/soc/qcom/smp2p.o
  CC      drivers/staging/android/ion/ion_cma_secure_heap.o
  CC      drivers/scsi/scsi_common.o
  AR      drivers/platform/msm/ipa/ipa_v3/built-in.a
  CC      drivers/platform/msm/ipa/ipa_rm_inactivity_timer.o
  CC      drivers/soc/qcom/qcom_ipcc.o
  CC      drivers/thermal/qcom/msm_lmh_dcvs.o
  CC      drivers/platform/msm/qcom-geni-se.o
  CC      drivers/thermal/qcom/lmh_dbg.o
  CC      drivers/soc/qcom/llcc-slice.o
  CC      drivers/scsi/sd.o
  CC      drivers/scsi/sg.o
  AR      drivers/staging/android/ion/built-in.a
  AR      drivers/staging/android/built-in.a
  AR      drivers/staging/iio/accel/built-in.a
  AR      drivers/staging/iio/adc/built-in.a
  AR      drivers/staging/iio/addac/built-in.a
  AR      drivers/staging/iio/cdc/built-in.a
  CC      drivers/soc/qcom/llcc-lito.o
  AR      drivers/staging/iio/frequency/built-in.a
  AR      drivers/staging/iio/impedance-analyzer/built-in.a
  AR      drivers/staging/iio/meter/built-in.a
  AR      drivers/staging/iio/resolver/built-in.a
  AR      drivers/staging/iio/built-in.a
  AR      drivers/staging/media/built-in.a
  CC      drivers/soc/qcom/llcc-orchid.o
  CC      drivers/tty/tty_ldisc.o
  CC      drivers/uio/msm_sharedmem/msm_sharedmem.o
  CC      drivers/staging/qcacld-3.0/core/hdd/src/wlan_hdd_assoc.o
  CC      drivers/staging/qcacld-3.0/core/hdd/src/wlan_hdd_cfg.o
  CC      drivers/soc/qcom/llcc-lagoon.o
  AR      drivers/platform/msm/ipa/built-in.a
  AR      drivers/platform/msm/built-in.a
  CC      drivers/usb/common/common.o
  AR      drivers/platform/built-in.a
  CC      drivers/usb/core/usb.o
  CC      drivers/soc/qcom/secure_buffer.o
  AR      drivers/uio/msm_sharedmem/built-in.a
  CC      drivers/uio/uio.o
  CC      drivers/thermal/qcom/regulator_aop_cdev.o
  CC      drivers/tty/tty_buffer.o
  AR      drivers/usb/common/built-in.a
  CC      drivers/usb/core/hub.o
  CC      drivers/thermal/qcom/cpu_isolate.o
  CC      drivers/tty/tty_port.o
  CC      drivers/tty/tty_mutex.o
  AR      drivers/uio/built-in.a
  CC      drivers/video/backlight/backlight.o
  CC      drivers/thermal/qcom/lmh_cpu_vdd_cdev.o
  CC      drivers/thermal/qcom/msm_isense_cdsp.o
  CC      drivers/thermal/qcom/cx_ipeak_cdev.o
  CC      drivers/tty/tty_ldsem.o
  CC      drivers/video/backlight/generic_bl.o
  CC      drivers/tty/tty_baudrate.o
  CC      drivers/staging/qcacld-3.0/core/hdd/src/wlan_hdd_cfg80211.o
  CC      drivers/usb/dwc3/core.o
  AR      drivers/thermal/qcom/built-in.a
  CC      drivers/thermal/step_wise.o
  AR      drivers/scsi/built-in.a
  CC      drivers/video/backlight/qcom-spmi-wled.o
  CC      drivers/soc/qcom/scm.o
  CC      drivers/thermal/user_space.o
  CC      drivers/usb/gadget/function/u_ether.o
  CC      drivers/tty/tty_jobctrl.o
  CC      drivers/tty/n_null.o
  CC      drivers/usb/core/hcd.o
  CC      drivers/thermal/gov_low_limits.o
  CC      drivers/tty/pty.o
  CC      drivers/thermal/cpu_cooling.o
  CC      drivers/usb/gadget/function/rndis.o
  CC      drivers/usb/dwc3/debug_ipc.o
  AR      drivers/video/backlight/built-in.a
  CC      drivers/video/fbdev/core/fb_cmdline.o
  CC      drivers/tty/tty_audit.o
  CC      drivers/staging/qcacld-3.0/core/hdd/src/wlan_hdd_data_stall_detection.o
  CC      drivers/soc/qcom/early_random.o
  CC      drivers/usb/dwc3/trace.o
  CC      drivers/thermal/devfreq_cooling.o
  CC      drivers/usb/core/urb.o
  CC      drivers/tty/sysrq.o
  CC      drivers/soc/qcom/qtee_shmbridge.o
  AR      drivers/video/fbdev/omap2/omapfb/displays/built-in.a
  AR      drivers/video/fbdev/omap2/omapfb/dss/built-in.a
  AR      drivers/video/fbdev/core/built-in.a
  AR      drivers/video/fbdev/omap2/omapfb/built-in.a
  AR      drivers/usb/gadget/legacy/built-in.a
  AR      drivers/video/fbdev/omap2/built-in.a
  CC      drivers/soc/qcom/boot_stats.o
  AR      drivers/video/fbdev/built-in.a
  CC      drivers/video/hdmi.o
  CC      drivers/usb/gadget/function/f_ncm.o
  CC      drivers/usb/gadget/function/f_mass_storage.o
  CC      drivers/thermal/qcom-spmi-temp-alarm.o
  CC      drivers/usb/dwc3/host.o
  CC      drivers/usb/core/message.o
  AR      drivers/video/built-in.a
  CC      drivers/thermal/msm-tsens.o
  CC      drivers/soc/qcom/memory_dump_v2.o
  AR      drivers/tty/built-in.a
  CC      drivers/usb/gadget/function/storage_common.o
  CC      drivers/usb/gadget/function/f_fs.o
  CC      drivers/usb/dwc3/gadget.o
  CC      drivers/thermal/tsens2xxx.o
  CC      drivers/usb/core/driver.o
  CC      drivers/thermal/tsens-dbg.o
  CC      drivers/soc/qcom/dcc_v2.o
  CC      drivers/soc/qcom/service-notifier.o
  CC      drivers/soc/qcom/service-locator.o
  CC      drivers/soc/qcom/sysmon-qmi.o
  CC      drivers/thermal/tsens-mtc.o
  CC      drivers/soc/qcom/subsys-pil-tz.o
  CC      drivers/usb/core/config.o
  CC      drivers/usb/dwc3/ep0.o
  CC      drivers/usb/dwc3/drd.o
  CC      drivers/usb/dwc3/dwc3-haps.o
  CC      drivers/usb/gadget/udc/core.o
  CC      drivers/thermal/tsens1xxx.o
  CC      drivers/soc/qcom/peripheral-loader.o
  CC      drivers/usb/core/file.o
  CC      drivers/thermal/tsens-calib.o
  CC      drivers/usb/gadget/function/f_midi.o
  CC      drivers/usb/gadget/usbstring.o
  CC      drivers/staging/qcacld-3.0/core/hdd/src/wlan_hdd_driver_ops.o
  CC      drivers/staging/qcacld-3.0/core/hdd/src/wlan_hdd_ftm.o
  AR      drivers/thermal/built-in.a
  CC      drivers/usb/gadget/function/f_hid.o
  CC      drivers/usb/core/buffer.o
  CC      drivers/usb/core/sysfs.o
  CC      drivers/usb/dwc3/dwc3-of-simple.o
  CC      drivers/usb/dwc3/dwc3-qcom.o
  CC      drivers/usb/gadget/function/f_diag.o
  CC      drivers/staging/qcacld-3.0/core/hdd/src/wlan_hdd_hostapd.o
  CC      drivers/usb/core/endpoint.o
  CC      drivers/usb/gadget/udc/trace.o
  CC      drivers/usb/core/devio.o
  CC      drivers/usb/dwc3/dwc3-msm.o
  CC      drivers/usb/dwc3/dbm.o
  CC      drivers/usb/gadget/function/f_cdev.o
  CC      drivers/soc/qcom/smcinvoke.o
  CC      drivers/usb/gadget/function/f_ccid.o
  CC      drivers/usb/host/pci-quirks.o
  CC      drivers/usb/host/xhci.o
  AR      drivers/usb/gadget/udc/built-in.a
  CC      drivers/usb/gadget/config.o
  CC      drivers/usb/gadget/function/f_audio_source.o
  CC      drivers/usb/isp1760/isp1760-core.o
  CC      drivers/soc/qcom/rq_stats.o
  CC      drivers/usb/isp1760/isp1760-if.o
  CC      drivers/usb/isp1760/isp1760-hcd.o
  CC      drivers/usb/host/xhci-mem.o
  CC      drivers/usb/gadget/function/f_accessory.o
  CC      drivers/soc/qcom/subsystem_notif.o
  CC      drivers/soc/qcom/subsystem_restart.o
  CC      drivers/usb/misc/ehset.o
  AR      drivers/usb/dwc3/built-in.a
  CC      drivers/usb/misc/lvstest.o
  CC      drivers/usb/core/notify.o
  CC      drivers/usb/host/xhci-ext-caps.o
  AR      drivers/usb/isp1760/built-in.a
  CC      drivers/usb/gadget/function/f_qdss.o
  CC      drivers/usb/gadget/function/u_qdss.o
  CC      drivers/usb/pd/policy_engine.o
  CC      drivers/staging/qcacld-3.0/core/hdd/src/wlan_hdd_ioctl.o
  CC      drivers/soc/qcom/ramdump.o
  CC      drivers/usb/core/generic.o
  CC      drivers/usb/core/quirks.o
  AR      drivers/usb/misc/built-in.a
  CC      drivers/usb/gadget/function/f_gsi.o
  CC      drivers/usb/core/devices.o
  CC      drivers/usb/host/xhci-ring.o
  CC      drivers/usb/host/xhci-hub.o
  CC      drivers/usb/gadget/epautoconf.o
  CC      drivers/staging/qcacld-3.0/core/hdd/src/wlan_hdd_main.o
  CC      drivers/usb/gadget/composite.o
  CC      drivers/usb/core/phy.o
  CC      drivers/usb/gadget/function/f_mtp.o
  CC      drivers/soc/qcom/microdump_collector.o
  CC      drivers/soc/qcom/eud.o
  CC      drivers/soc/qcom/socinfo.o
  CC      drivers/usb/gadget/functions.o
  CC      drivers/usb/core/port.o
  CC      drivers/usb/host/xhci-dbg.o
  CC      drivers/usb/pd/qpnp-pdphy.o
  CC      drivers/usb/gadget/function/f_ptp.o
  CC      drivers/soc/qcom/watchdog_v2.o
  CC      drivers/soc/qcom/glink_probe.o
  CC      drivers/usb/host/xhci-trace.o
  CC      drivers/usb/host/xhci-pci.o
  CC      drivers/usb/gadget/configfs.o
  AR      drivers/usb/gadget/function/built-in.a
  CC      drivers/usb/phy/phy.o
  CC      drivers/usb/core/of.o
  CC      drivers/usb/core/hcd-pci.o
  AR      drivers/usb/pd/built-in.a
  CC      drivers/staging/qcacld-3.0/core/hdd/src/wlan_hdd_object_manager.o
  CC      drivers/usb/gadget/u_f.o
  CC      drivers/staging/qcacld-3.0/core/hdd/src/wlan_hdd_oemdata.o
  CC      drivers/usb/host/xhci-plat.o
  CC      drivers/usb/phy/of.o
  AR      drivers/usb/core/built-in.a
  CC      drivers/usb/phy/phy-generic.o
  CC      drivers/soc/qcom/glink_pkt.o
  CC      drivers/usb/phy/phy-qcom-emu.o
  CC      drivers/usb/phy/phy-msm-qusb.o
  CC      drivers/usb/storage/scsiglue.o
  AR      drivers/usb/gadget/built-in.a
  AR      drivers/usb/typec/altmodes/built-in.a
  AR      drivers/usb/typec/fusb302/built-in.a
  AR      drivers/usb/typec/mux/built-in.a
  CC      drivers/usb/typec/class.o
  CC      drivers/soc/qcom/smp2p_sleepstate.o
  CC      drivers/soc/qcom/qsee_ipc_irq.o
  CC      drivers/usb/typec/mux.o
  CC      drivers/usb/typec/bus.o
  CC      drivers/staging/qcacld-3.0/core/hdd/src/wlan_hdd_p2p.o
  CC      drivers/soc/qcom/system_pm.o
  CC      drivers/usb/storage/protocol.o
  AR      drivers/usb/host/built-in.a
  CC      drivers/staging/qcacld-3.0/core/hdd/src/wlan_hdd_power.o
  CC      drivers/usb/phy/phy-msm-qusb-v2.o
  CC      drivers/usb/phy/phy-msm-ssusb-qmp.o
  CC      drivers/soc/qcom/event_timer.o
  CC      drivers/soc/qcom/rpmh_master_stat.o
  AR      drivers/usb/typec/built-in.a
  CC      drivers/staging/qcacld-3.0/core/hdd/src/wlan_hdd_regulatory.o
  CC      drivers/usb/storage/transport.o
  CC      drivers/usb/storage/usb.o
  CC      drivers/soc/qcom/rpm_stats.o
  CC      drivers/staging/qcacld-3.0/core/hdd/src/wlan_hdd_scan.o
  CC      drivers/usb/phy/phy-msm-snps-hs.o
  CC      drivers/staging/qcacld-3.0/core/hdd/src/wlan_hdd_softap_tx_rx.o
  CC      drivers/soc/qcom/ddr_stats.o
  CC      drivers/usb/storage/initializers.o
  CC      drivers/usb/storage/sierra_ms.o
  CC      drivers/usb/storage/option_ms.o
  CC      drivers/staging/qcacld-3.0/core/hdd/src/wlan_hdd_sta_info.o
  CC      drivers/soc/qcom/cdsprm.o
  CC      drivers/usb/storage/usual-tables.o
  CC      drivers/staging/qcacld-3.0/core/hdd/src/wlan_hdd_stats.o
  CC      drivers/staging/qcacld-3.0/core/hdd/src/wlan_hdd_trace.o
  AR      drivers/usb/phy/built-in.a
  CC      drivers/staging/qcacld-3.0/core/hdd/src/wlan_hdd_tx_rx.o
  CC      drivers/soc/qcom/icnss.o
  AR      drivers/usb/storage/built-in.a
  AR      drivers/usb/built-in.a
  CC      drivers/staging/qcacld-3.0/core/hdd/src/wlan_hdd_wmm.o
  CC      drivers/staging/qcacld-3.0/core/hdd/src/wlan_hdd_wowl.o
  CC      drivers/soc/qcom/icnss_qmi.o
  CC      drivers/staging/qcacld-3.0/core/hdd/src/wlan_hdd_wext.o
  CC      drivers/staging/qcacld-3.0/core/hdd/src/wlan_hdd_hostapd_wext.o
  CC      drivers/staging/qcacld-3.0/core/hdd/src/wlan_hdd_spectralscan.o
  CC      drivers/soc/qcom/wlan_firmware_service_v01.o
  CC      drivers/soc/qcom/cx_ipeak.o
  CC      drivers/soc/qcom/crypto-qti-common.o
  CC      drivers/staging/qcacld-3.0/core/hdd/src/wlan_hdd_fips.o
  CC      drivers/soc/qcom/crypto-qti-tz.o
  CC      drivers/staging/qcacld-3.0/core/hdd/src/wlan_hdd_green_ap.o
  CC      drivers/staging/qcacld-3.0/core/hdd/src/wlan_hdd_apf.o
  CC      drivers/staging/qcacld-3.0/core/hdd/src/wlan_hdd_lpass.o
  CC      drivers/staging/qcacld-3.0/core/hdd/src/wlan_hdd_napi.o
  AR      drivers/soc/qcom/built-in.a
  AR      drivers/soc/built-in.a
  CC      drivers/staging/qcacld-3.0/core/hdd/src/wlan_hdd_ipa.o
  CC      drivers/staging/qcacld-3.0/core/hdd/src/wlan_hdd_nan.o
  CC      drivers/staging/qcacld-3.0/core/hdd/src/wlan_hdd_nan_datapath.o
  CC      drivers/staging/qcacld-3.0/core/hdd/src/wlan_hdd_tdls.o
  CC      drivers/staging/qcacld-3.0/core/hdd/src/wlan_hdd_tsf.o
  CC      drivers/staging/qcacld-3.0/core/hdd/src/wlan_hdd_disa.o
  CC      drivers/staging/qcacld-3.0/core/hdd/src/wlan_hdd_subnet_detect.o
  CC      drivers/staging/qcacld-3.0/core/hdd/src/wlan_hdd_twt.o
  CC      drivers/staging/qcacld-3.0/core/hdd/src/wlan_hdd_nud_tracking.o
  CC      drivers/staging/qcacld-3.0/core/hdd/src/wlan_hdd_packet_filter.o
  CC      drivers/staging/qcacld-3.0/core/hdd/src/wlan_hdd_rssi_monitor.o
  CC      drivers/staging/qcacld-3.0/core/hdd/src/wlan_hdd_bss_transition.o
  CC      drivers/staging/qcacld-3.0/core/hdd/src/wlan_hdd_station_info.o
  CC      drivers/staging/qcacld-3.0/core/hdd/src/wlan_hdd_tx_power.o
  CC      drivers/staging/qcacld-3.0/core/hdd/src/wlan_hdd_ota_test.o
  CC      drivers/staging/qcacld-3.0/core/hdd/src/wlan_hdd_active_tos.o
  CC      drivers/staging/qcacld-3.0/core/hdd/src/wlan_hdd_sar_limits.o
  CC      drivers/staging/qcacld-3.0/core/hdd/src/wlan_hdd_concurrency_matrix.o
  CC      drivers/staging/qcacld-3.0/core/hdd/src/wlan_hdd_sap_cond_chan_switch.o
  CC      drivers/staging/qcacld-3.0/core/hdd/src/wlan_hdd_p2p_listen_offload.o
  CC      drivers/staging/qcacld-3.0/core/hdd/src/wlan_hdd_sysfs.o
  CC      drivers/staging/qcacld-3.0/core/hdd/src/wlan_hdd_fw_state.o
  CC      drivers/staging/qcacld-3.0/core/hdd/src/wlan_hdd_bcn_recv.o
  CC      drivers/staging/qcacld-3.0/core/hdd/src/wlan_hdd_thermal.o
  CC      drivers/staging/qcacld-3.0/core/hdd/src/wlan_hdd_hang_event.o
  CC      drivers/staging/qcacld-3.0/core/hdd/src/wlan_hdd_gpio.o
  CC      drivers/staging/qcacld-3.0/os_if/sync/src/osif_sync.o
  CC      drivers/staging/qcacld-3.0/os_if/sync/src/osif_driver_sync.o
  CC      drivers/staging/qcacld-3.0/os_if/sync/src/osif_psoc_sync.o
  CC      drivers/staging/qcacld-3.0/os_if/sync/src/osif_vdev_sync.o
  CC      drivers/staging/qcacld-3.0/components/dsc/src/__wlan_dsc.o
  CC      drivers/staging/qcacld-3.0/components/dsc/src/wlan_dsc_driver.o
  CC      drivers/staging/qcacld-3.0/components/dsc/src/wlan_dsc_psoc.o
  CC      drivers/staging/qcacld-3.0/components/dsc/src/wlan_dsc_vdev.o
  CC      drivers/staging/qcacld-3.0/core/mac/src/dph/dph_hash_table.o
  CC      drivers/staging/qcacld-3.0/core/mac/src/pe/lim/lim_aid_mgmt.o
  CC      drivers/staging/qcacld-3.0/core/mac/src/pe/lim/lim_admit_control.o
  CC      drivers/staging/qcacld-3.0/core/mac/src/pe/lim/lim_api.o
  CC      drivers/staging/qcacld-3.0/core/mac/src/pe/lim/lim_assoc_utils.o
  CC      drivers/staging/qcacld-3.0/core/mac/src/pe/lim/lim_ft.o
  CC      drivers/staging/qcacld-3.0/core/mac/src/pe/lim/lim_link_monitoring_algo.o
  CC      drivers/staging/qcacld-3.0/core/mac/src/pe/lim/lim_process_action_frame.o
  CC      drivers/staging/qcacld-3.0/core/mac/src/pe/lim/lim_process_assoc_req_frame.o
  CC      drivers/staging/qcacld-3.0/core/mac/src/pe/lim/lim_process_assoc_rsp_frame.o
  CC      drivers/staging/qcacld-3.0/core/mac/src/pe/lim/lim_process_auth_frame.o
  CC      drivers/staging/qcacld-3.0/core/mac/src/pe/lim/lim_process_beacon_frame.o
  CC      drivers/staging/qcacld-3.0/core/mac/src/pe/lim/lim_process_cfg_updates.o
  CC      drivers/staging/qcacld-3.0/core/mac/src/pe/lim/lim_process_deauth_frame.o
  CC      drivers/staging/qcacld-3.0/core/mac/src/pe/lim/lim_process_disassoc_frame.o
  CC      drivers/staging/qcacld-3.0/core/mac/src/pe/lim/lim_process_message_queue.o
  CC      drivers/staging/qcacld-3.0/core/mac/src/pe/lim/lim_process_mlm_req_messages.o
  CC      drivers/staging/qcacld-3.0/core/mac/src/pe/lim/lim_process_mlm_rsp_messages.o
  CC      drivers/staging/qcacld-3.0/core/mac/src/pe/lim/lim_process_probe_req_frame.o
  CC      drivers/staging/qcacld-3.0/core/mac/src/pe/lim/lim_process_probe_rsp_frame.o
  CC      drivers/staging/qcacld-3.0/core/mac/src/pe/lim/lim_process_sme_req_messages.o
  CC      drivers/staging/qcacld-3.0/core/mac/src/pe/lim/lim_prop_exts_utils.o
  CC      drivers/staging/qcacld-3.0/core/mac/src/pe/lim/lim_scan_result_utils.o
  CC      drivers/staging/qcacld-3.0/core/mac/src/pe/lim/lim_security_utils.o
  CC      drivers/staging/qcacld-3.0/core/mac/src/pe/lim/lim_send_management_frames.o
  CC      drivers/staging/qcacld-3.0/core/mac/src/pe/lim/lim_send_messages.o
  CC      drivers/staging/qcacld-3.0/core/mac/src/pe/lim/lim_send_sme_rsp_messages.o
  CC      drivers/staging/qcacld-3.0/core/mac/src/pe/lim/lim_session.o
  CC      drivers/staging/qcacld-3.0/core/mac/src/pe/lim/lim_session_utils.o
  CC      drivers/staging/qcacld-3.0/core/mac/src/pe/lim/lim_sme_req_utils.o
  CC      drivers/staging/qcacld-3.0/core/mac/src/pe/lim/lim_timer_utils.o
  CC      drivers/staging/qcacld-3.0/core/mac/src/pe/lim/lim_trace.o
  CC      drivers/staging/qcacld-3.0/core/mac/src/pe/lim/lim_utils.o
  CC      drivers/staging/qcacld-3.0/core/mac/src/pe/lim/lim_process_tdls.o
  CC      drivers/staging/qcacld-3.0/core/mac/src/pe/lim/lim_process_fils.o
  CC      drivers/staging/qcacld-3.0/core/mac/src/pe/sch/sch_api.o
  CC      drivers/staging/qcacld-3.0/core/mac/src/pe/sch/sch_beacon_gen.o
  CC      drivers/staging/qcacld-3.0/core/mac/src/pe/sch/sch_beacon_process.o
  CC      drivers/staging/qcacld-3.0/core/mac/src/pe/sch/sch_message.o
  CC      drivers/staging/qcacld-3.0/core/mac/src/pe/rrm/rrm_api.o
  CC      drivers/staging/qcacld-3.0/core/mac/src/pe/nan/nan_datapath.o
  CC      drivers/staging/qcacld-3.0/core/sap/src/sap_api_link_cntl.o
  CC      drivers/staging/qcacld-3.0/core/sap/src/sap_ch_select.o
  CC      drivers/staging/qcacld-3.0/core/sap/src/sap_fsm.o
  CC      drivers/staging/qcacld-3.0/core/sap/src/sap_module.o
  CC      drivers/staging/qcacld-3.0/core/sme/src/common/sme_api.o
  CC      drivers/staging/qcacld-3.0/core/sme/src/common/sme_ft_api.o
  CC      drivers/staging/qcacld-3.0/core/sme/src/common/sme_power_save.o
  CC      drivers/staging/qcacld-3.0/core/sme/src/common/sme_trace.o
  CC      drivers/staging/qcacld-3.0/core/sme/src/csr/csr_api_roam.o
  CC      drivers/staging/qcacld-3.0/core/sme/src/csr/csr_api_scan.o
  CC      drivers/staging/qcacld-3.0/core/sme/src/csr/csr_cmd_process.o
  CC      drivers/staging/qcacld-3.0/core/sme/src/csr/csr_link_list.o
  CC      drivers/staging/qcacld-3.0/core/sme/src/csr/csr_neighbor_roam.o
  CC      drivers/staging/qcacld-3.0/core/sme/src/csr/csr_util.o
  CC      drivers/staging/qcacld-3.0/core/sme/src/qos/sme_qos.o
  CC      drivers/staging/qcacld-3.0/core/sme/src/rrm/sme_rrm.o
  CC      drivers/staging/qcacld-3.0/core/sme/src/nan/nan_datapath_api.o
  CC      drivers/staging/qcacld-3.0/core/mac/src/sys/common/src/wlan_qct_sys.o
  CC      drivers/staging/qcacld-3.0/core/mac/src/sys/legacy/src/platform/src/sys_wrapper.o
  CC      drivers/staging/qcacld-3.0/core/mac/src/sys/legacy/src/system/src/mac_init_api.o
  CC      drivers/staging/qcacld-3.0/core/mac/src/sys/legacy/src/system/src/sys_entry_func.o
  CC      drivers/staging/qcacld-3.0/core/mac/src/sys/legacy/src/utils/src/dot11f.o
  CC      drivers/staging/qcacld-3.0/core/mac/src/sys/legacy/src/utils/src/mac_trace.o
  CC      drivers/staging/qcacld-3.0/core/mac/src/sys/legacy/src/utils/src/parser_api.o
  CC      drivers/staging/qcacld-3.0/core/mac/src/sys/legacy/src/utils/src/utils_parser.o
  CC      drivers/staging/qcacld-3.0/../qca-wifi-host-cmn/qdf/linux/src/qdf_crypto.o
  CC      drivers/staging/qcacld-3.0/../qca-wifi-host-cmn/qdf/linux/src/qdf_defer.o
  CC      drivers/staging/qcacld-3.0/../qca-wifi-host-cmn/qdf/linux/src/qdf_delayed_work.o
  CC      drivers/staging/qcacld-3.0/../qca-wifi-host-cmn/qdf/linux/src/qdf_event.o
  CC      drivers/staging/qcacld-3.0/../qca-wifi-host-cmn/qdf/linux/src/qdf_file.o
  CC      drivers/staging/qcacld-3.0/../qca-wifi-host-cmn/qdf/linux/src/qdf_func_tracker.o
  CC      drivers/staging/qcacld-3.0/../qca-wifi-host-cmn/qdf/linux/src/qdf_idr.o
  CC      drivers/staging/qcacld-3.0/../qca-wifi-host-cmn/qdf/linux/src/qdf_list.o
  CC      drivers/staging/qcacld-3.0/../qca-wifi-host-cmn/qdf/linux/src/qdf_lock.o
  CC      drivers/staging/qcacld-3.0/../qca-wifi-host-cmn/qdf/linux/src/qdf_mc_timer.o
  CC      drivers/staging/qcacld-3.0/../qca-wifi-host-cmn/qdf/linux/src/qdf_mem.o
  CC      drivers/staging/qcacld-3.0/../qca-wifi-host-cmn/qdf/linux/src/qdf_nbuf.o
  CC      drivers/staging/qcacld-3.0/../qca-wifi-host-cmn/qdf/linux/src/qdf_periodic_work.o
  CC      drivers/staging/qcacld-3.0/../qca-wifi-host-cmn/qdf/linux/src/qdf_status.o
  CC      drivers/staging/qcacld-3.0/../qca-wifi-host-cmn/qdf/linux/src/qdf_threads.o
  CC      drivers/staging/qcacld-3.0/../qca-wifi-host-cmn/qdf/linux/src/qdf_trace.o
  CC      drivers/staging/qcacld-3.0/../qca-wifi-host-cmn/qdf/src/qdf_flex_mem.o
  CC      drivers/staging/qcacld-3.0/../qca-wifi-host-cmn/qdf/src/qdf_parse.o
  CC      drivers/staging/qcacld-3.0/../qca-wifi-host-cmn/qdf/src/qdf_platform.o
  CC      drivers/staging/qcacld-3.0/../qca-wifi-host-cmn/qdf/src/qdf_str.o
  CC      drivers/staging/qcacld-3.0/../qca-wifi-host-cmn/qdf/src/qdf_talloc.o
  CC      drivers/staging/qcacld-3.0/../qca-wifi-host-cmn/qdf/src/qdf_types.o
  CC      drivers/staging/qcacld-3.0/../qca-wifi-host-cmn/qdf/linux/src/qdf_ipa.o
  CC      drivers/staging/qcacld-3.0/../qca-wifi-host-cmn/qdf/src/qdf_cpuhp.o
  CC      drivers/staging/qcacld-3.0/../qca-wifi-host-cmn/qdf/linux/src/qdf_cpuhp.o
  CC      drivers/staging/qcacld-3.0/../qca-wifi-host-cmn/qdf/src/qdf_notifier.o
  CC      drivers/staging/qcacld-3.0/../qca-wifi-host-cmn/qdf/src/qdf_hang_event_notifier.o
  CC      drivers/staging/qcacld-3.0/../qca-wifi-host-cmn/wbuff/src/wbuff.o
  CC      drivers/staging/qcacld-3.0/core/cds/src/cds_api.o
  CC      drivers/staging/qcacld-3.0/core/cds/src/cds_reg_service.o
  CC      drivers/staging/qcacld-3.0/core/cds/src/cds_packet.o
  CC      drivers/staging/qcacld-3.0/core/cds/src/cds_regdomain.o
  CC      drivers/staging/qcacld-3.0/core/cds/src/cds_sched.o
  CC      drivers/staging/qcacld-3.0/core/cds/src/cds_utils.o
  CC      drivers/staging/qcacld-3.0/../qca-wifi-host-cmn/cfg/src/cfg.o
  CC      drivers/staging/qcacld-3.0/../qca-wifi-host-cmn/ftm/dispatcher/src/wlan_ftm_init_deinit.o
  CC      drivers/staging/qcacld-3.0/../qca-wifi-host-cmn/ftm/dispatcher/src/wlan_ftm_ucfg_api.o
  CC      drivers/staging/qcacld-3.0/../qca-wifi-host-cmn/ftm/core/src/wlan_ftm_svc.o
  CC      drivers/staging/qcacld-3.0/../qca-wifi-host-cmn/target_if/ftm/src/target_if_ftm.o
  CC      drivers/staging/qcacld-3.0/../qca-wifi-host-cmn/os_if/linux/ftm/src/wlan_cfg80211_ftm.o
  CC      drivers/staging/qcacld-3.0/../qca-wifi-host-cmn/os_if/linux/ftm/src/wlan_ioctl_ftm.o
  CC      drivers/staging/qcacld-3.0/core/wma/src/wma_main.o
  CC      drivers/staging/qcacld-3.0/core/wma/src/wma_scan_roam.o
  CC      drivers/staging/qcacld-3.0/core/wma/src/wma_dev_if.o
  CC      drivers/staging/qcacld-3.0/core/wma/src/wma_mgmt.o
  CC      drivers/staging/qcacld-3.0/core/wma/src/wma_power.o
  CC      drivers/staging/qcacld-3.0/core/wma/src/wma_data.o
  CC      drivers/staging/qcacld-3.0/core/wma/src/wma_utils.o
  CC      drivers/staging/qcacld-3.0/core/wma/src/wma_features.o
  CC      drivers/staging/qcacld-3.0/core/wma/src/wlan_qct_wma_legacy.o
  CC      drivers/staging/qcacld-3.0/core/wma/src/wma_nan_datapath.o
  CC      drivers/staging/qcacld-3.0/core/wma/src/wma_fips_api.o
  CC      drivers/staging/qcacld-3.0/core/wma/src/wma_twt.o
  CC      drivers/staging/qcacld-3.0/core/wma/src/wma_fw_state.o
  CC      drivers/staging/qcacld-3.0/core/dp/txrx/ol_txrx.o
  CC      drivers/staging/qcacld-3.0/core/dp/txrx/ol_cfg.o
  CC      drivers/staging/qcacld-3.0/core/dp/txrx/ol_rx.o
  CC      drivers/staging/qcacld-3.0/core/dp/txrx/ol_rx_fwd.o
  CC      drivers/staging/qcacld-3.0/core/dp/txrx/ol_rx_defrag.o
  CC      drivers/staging/qcacld-3.0/core/dp/txrx/ol_tx_desc.o
  CC      drivers/staging/qcacld-3.0/core/dp/txrx/ol_tx.o
  CC      drivers/staging/qcacld-3.0/core/dp/txrx/ol_rx_reorder_timeout.o
  CC      drivers/staging/qcacld-3.0/core/dp/txrx/ol_rx_reorder.o
  CC      drivers/staging/qcacld-3.0/core/dp/txrx/ol_rx_pn.o
  CC      drivers/staging/qcacld-3.0/core/dp/txrx/ol_txrx_peer_find.o
  CC      drivers/staging/qcacld-3.0/core/dp/txrx/ol_txrx_encap.o
  CC      drivers/staging/qcacld-3.0/core/dp/txrx/ol_tx_send.o
  CC      drivers/staging/qcacld-3.0/core/dp/txrx/ol_txrx_event.o
  CC      drivers/staging/qcacld-3.0/core/dp/txrx/ol_tx_ll.o
  CC      drivers/staging/qcacld-3.0/core/dp/txrx/ol_tx_ll_fastpath.o
  CC      drivers/staging/qcacld-3.0/core/dp/txrx/ol_txrx_flow_control.o
  CC      drivers/staging/qcacld-3.0/core/dp/txrx/ol_txrx_ipa.o
  CC      drivers/staging/qcacld-3.0/core/dp/txrx/ol_tx_throttle.o
  CC      drivers/staging/qcacld-3.0/../qca-wifi-host-cmn/wmi/src/wmi_unified.o
  CC      drivers/staging/qcacld-3.0/../qca-wifi-host-cmn/wmi/src/wmi_tlv_helper.o
  CC      drivers/staging/qcacld-3.0/../qca-wifi-host-cmn/wmi/src/wmi_unified_tlv.o
  CC      drivers/staging/qcacld-3.0/../qca-wifi-host-cmn/wmi/src/wmi_unified_api.o
  CC      drivers/staging/qcacld-3.0/../qca-wifi-host-cmn/wmi/src/wmi_unified_reg_api.o
  CC      drivers/staging/qcacld-3.0/../qca-wifi-host-cmn/wmi/src/wmi_unified_vdev_api.o
  CC      drivers/staging/qcacld-3.0/../qca-wifi-host-cmn/wmi/src/wmi_unified_vdev_tlv.o
  CC      drivers/staging/qcacld-3.0/../qca-wifi-host-cmn/wmi/src/wmi_unified_crypto_api.o
  CC      drivers/staging/qcacld-3.0/../qca-wifi-host-cmn/wmi/src/wmi_unified_pmo_api.o
  CC      drivers/staging/qcacld-3.0/../qca-wifi-host-cmn/wmi/src/wmi_unified_pmo_tlv.o
  CC      drivers/staging/qcacld-3.0/../qca-wifi-host-cmn/wmi/src/wmi_unified_apf_tlv.o
  CC      drivers/staging/qcacld-3.0/../qca-wifi-host-cmn/wmi/src/wmi_unified_action_oui_tlv.o
  CC      drivers/staging/qcacld-3.0/../qca-wifi-host-cmn/wmi/src/wmi_unified_dfs_api.o
  CC      drivers/staging/qcacld-3.0/../qca-wifi-host-cmn/wmi/src/wmi_unified_twt_api.o
  CC      drivers/staging/qcacld-3.0/../qca-wifi-host-cmn/wmi/src/wmi_unified_twt_tlv.o
  CC      drivers/staging/qcacld-3.0/../qca-wifi-host-cmn/wmi/src/wmi_unified_interop_issues_ap_api.o
  CC      drivers/staging/qcacld-3.0/../qca-wifi-host-cmn/wmi/src/wmi_unified_interop_issues_ap_tlv.o
  CC      drivers/staging/qcacld-3.0/../qca-wifi-host-cmn/wmi/src/wmi_unified_nan_api.o
  CC      drivers/staging/qcacld-3.0/../qca-wifi-host-cmn/wmi/src/wmi_unified_nan_tlv.o
  CC      drivers/staging/qcacld-3.0/../qca-wifi-host-cmn/wmi/src/wmi_unified_p2p_api.o
  CC      drivers/staging/qcacld-3.0/../qca-wifi-host-cmn/wmi/src/wmi_unified_p2p_tlv.o
  CC      drivers/staging/qcacld-3.0/../qca-wifi-host-cmn/wmi/src/wmi_unified_roam_api.o
  CC      drivers/staging/qcacld-3.0/../qca-wifi-host-cmn/wmi/src/wmi_unified_roam_tlv.o
  CC      drivers/staging/qcacld-3.0/../qca-wifi-host-cmn/wmi/src/wmi_unified_concurrency_api.o
  CC      drivers/staging/qcacld-3.0/../qca-wifi-host-cmn/wmi/src/wmi_unified_concurrency_tlv.o
  CC      drivers/staging/qcacld-3.0/../qca-wifi-host-cmn/wmi/src/wmi_unified_sta_api.o
  CC      drivers/staging/qcacld-3.0/../qca-wifi-host-cmn/wmi/src/wmi_unified_sta_tlv.o
  CC      drivers/staging/qcacld-3.0/../qca-wifi-host-cmn/wmi/src/wmi_unified_bcn_api.o
  CC      drivers/staging/qcacld-3.0/../qca-wifi-host-cmn/wmi/src/wmi_unified_bcn_tlv.o
  CC      drivers/staging/qcacld-3.0/../qca-wifi-host-cmn/wmi/src/wmi_unified_fwol_api.o
  CC      drivers/staging/qcacld-3.0/../qca-wifi-host-cmn/wmi/src/wmi_unified_fwol_tlv.o
  CC      drivers/staging/qcacld-3.0/../qca-wifi-host-cmn/wmi/src/wmi_hang_event.o
  CC      drivers/staging/qcacld-3.0/../qca-wifi-host-cmn/wmi/src/wmi_unified_gpio_api.o
  CC      drivers/staging/qcacld-3.0/../qca-wifi-host-cmn/wmi/src/wmi_unified_gpio_tlv.o
  CC      drivers/staging/qcacld-3.0/../qca-wifi-host-cmn/htc/htc.o
  CC      drivers/staging/qcacld-3.0/../qca-wifi-host-cmn/htc/htc_send.o
  CC      drivers/staging/qcacld-3.0/../qca-wifi-host-cmn/htc/htc_recv.o
  CC      drivers/staging/qcacld-3.0/../qca-wifi-host-cmn/htc/htc_services.o
  CC      drivers/staging/qcacld-3.0/../qca-wifi-host-cmn/htc/htc_credit_history.o
  CC      drivers/staging/qcacld-3.0/../qca-wifi-host-cmn/htc/htc_hang_event.o
  CC      drivers/staging/qcacld-3.0/../qca-wifi-host-cmn/init_deinit/dispatcher/src/dispatcher_init_deinit.o
  CC      drivers/staging/qcacld-3.0/../qca-wifi-host-cmn/scheduler/src/scheduler_api.o
  CC      drivers/staging/qcacld-3.0/../qca-wifi-host-cmn/scheduler/src/scheduler_core.o
  CC      drivers/staging/qcacld-3.0/../qca-wifi-host-cmn/umac/regulatory/core/src/reg_build_chan_list.o
  CC      drivers/staging/qcacld-3.0/../qca-wifi-host-cmn/umac/regulatory/core/src/reg_callbacks.o
  CC      drivers/staging/qcacld-3.0/../qca-wifi-host-cmn/umac/regulatory/core/src/reg_db.o
  CC      drivers/staging/qcacld-3.0/../qca-wifi-host-cmn/umac/regulatory/core/src/reg_db_parser.o
  CC      drivers/staging/qcacld-3.0/../qca-wifi-host-cmn/umac/regulatory/core/src/reg_utils.o
  CC      drivers/staging/qcacld-3.0/../qca-wifi-host-cmn/umac/regulatory/core/src/reg_lte.o
  CC      drivers/staging/qcacld-3.0/../qca-wifi-host-cmn/umac/regulatory/core/src/reg_offload_11d_scan.o
  CC      drivers/staging/qcacld-3.0/../qca-wifi-host-cmn/umac/regulatory/core/src/reg_opclass.o
  CC      drivers/staging/qcacld-3.0/../qca-wifi-host-cmn/umac/regulatory/core/src/reg_priv_objs.o
  CC      drivers/staging/qcacld-3.0/../qca-wifi-host-cmn/umac/regulatory/dispatcher/src/wlan_reg_services_api.o
  CC      drivers/staging/qcacld-3.0/../qca-wifi-host-cmn/umac/regulatory/core/src/reg_services_common.o
  CC      drivers/staging/qcacld-3.0/../qca-wifi-host-cmn/umac/regulatory/dispatcher/src/wlan_reg_tgt_api.o
  CC      drivers/staging/qcacld-3.0/../qca-wifi-host-cmn/umac/regulatory/dispatcher/src/wlan_reg_ucfg_api.o
  CC      drivers/staging/qcacld-3.0/../qca-wifi-host-cmn/hif/src/hif_napi.o
  CC      drivers/staging/qcacld-3.0/../qca-wifi-host-cmn/hif/src/dispatcher/multibus.o
  CC      drivers/staging/qcacld-3.0/../qca-wifi-host-cmn/hif/src/dispatcher/dummy.o
  CC      drivers/staging/qcacld-3.0/../qca-wifi-host-cmn/hif/src/ath_procfs.o
  CC      drivers/staging/qcacld-3.0/../qca-wifi-host-cmn/hif/src/hif_main.o
  CC      drivers/staging/qcacld-3.0/../qca-wifi-host-cmn/hif/src/hif_exec.o
  CC      drivers/staging/qcacld-3.0/../qca-wifi-host-cmn/hif/src/hif_main_legacy.o
  CC      drivers/staging/qcacld-3.0/../qca-wifi-host-cmn/hif/src/hif_irq_affinity.o
  CC      drivers/staging/qcacld-3.0/../qca-wifi-host-cmn/hif/src/snoc/if_snoc.o
  CC      drivers/staging/qcacld-3.0/../qca-wifi-host-cmn/hif/src/ce/ce_diag.o
  CC      drivers/staging/qcacld-3.0/../qca-wifi-host-cmn/hif/src/ce/ce_main.o
  CC      drivers/staging/qcacld-3.0/../qca-wifi-host-cmn/hif/src/ce/ce_service.o
  CC      drivers/staging/qcacld-3.0/../qca-wifi-host-cmn/hif/src/ce/ce_tasklet.o
  CC      drivers/staging/qcacld-3.0/../qca-wifi-host-cmn/hif/src/mp_dev.o
  CC      drivers/staging/qcacld-3.0/../qca-wifi-host-cmn/hif/src/regtable.o
  CC      drivers/staging/qcacld-3.0/../qca-wifi-host-cmn/hif/src/ce/ce_service_legacy.o
  CC      drivers/staging/qcacld-3.0/../qca-wifi-host-cmn/hif/src/dispatcher/multibus_snoc.o
  CC      drivers/staging/qcacld-3.0/../qca-wifi-host-cmn/os_if/linux/wlan_osif_request_manager.o
  CC      drivers/staging/qcacld-3.0/../qca-wifi-host-cmn/os_if/linux/crypto/src/wlan_nl_to_crypto_params.o
  CC      drivers/staging/qcacld-3.0/../qca-wifi-host-cmn/os_if/linux/crypto/src/wlan_cfg80211_crypto.o
  CC      drivers/staging/qcacld-3.0/../qca-wifi-host-cmn/target_if/core/src/target_if_main.o
  CC      drivers/staging/qcacld-3.0/../qca-wifi-host-cmn/target_if/regulatory/src/target_if_reg.o
  CC      drivers/staging/qcacld-3.0/../qca-wifi-host-cmn/target_if/regulatory/src/target_if_reg_lte.o
  CC      drivers/staging/qcacld-3.0/../qca-wifi-host-cmn/target_if/regulatory/src/target_if_reg_11d.o
  CC      drivers/staging/qcacld-3.0/../qca-wifi-host-cmn/target_if/init_deinit/src/init_cmd_api.o
  CC      drivers/staging/qcacld-3.0/../qca-wifi-host-cmn/target_if/init_deinit/src/init_deinit_lmac.o
  CC      drivers/staging/qcacld-3.0/../qca-wifi-host-cmn/target_if/init_deinit/src/init_event_handler.o
  CC      drivers/staging/qcacld-3.0/../qca-wifi-host-cmn/target_if/init_deinit/src/service_ready_util.o
  CC      drivers/staging/qcacld-3.0/../qca-wifi-host-cmn/target_if/mlme/vdev_mgr/src/target_if_vdev_mgr_tx_ops.o
  CC      drivers/staging/qcacld-3.0/../qca-wifi-host-cmn/target_if/mlme/vdev_mgr/src/target_if_vdev_mgr_rx_ops.o
  CC      drivers/staging/qcacld-3.0/../qca-wifi-host-cmn/target_if/mlme/psoc/src/target_if_psoc_timer_tx_ops.o
  CC      drivers/staging/qcacld-3.0/../qca-wifi-host-cmn/target_if/mlme/psoc/src/target_if_psoc_wake_lock.o
  CC      drivers/staging/qcacld-3.0/../qca-wifi-host-cmn/target_if/crypto/src/target_if_crypto.o
  CC      drivers/staging/qcacld-3.0/components/target_if/pmo/src/target_if_pmo_arp.o
  CC      drivers/staging/qcacld-3.0/components/target_if/pmo/src/target_if_pmo_gtk.o
  CC      drivers/staging/qcacld-3.0/components/target_if/pmo/src/target_if_pmo_hw_filter.o
  CC      drivers/staging/qcacld-3.0/components/target_if/pmo/src/target_if_pmo_lphb.o
  CC      drivers/staging/qcacld-3.0/components/target_if/pmo/src/target_if_pmo_main.o
  CC      drivers/staging/qcacld-3.0/components/target_if/pmo/src/target_if_pmo_mc_addr_filtering.o
  CC      drivers/staging/qcacld-3.0/components/target_if/pmo/src/target_if_pmo_static_config.o
  CC      drivers/staging/qcacld-3.0/components/target_if/pmo/src/target_if_pmo_suspend_resume.o
  CC      drivers/staging/qcacld-3.0/components/target_if/pmo/src/target_if_pmo_wow.o
  CC      drivers/staging/qcacld-3.0/components/target_if/pmo/src/target_if_pmo_ns.o
  CC      drivers/staging/qcacld-3.0/components/target_if/pmo/src/target_if_pmo_pkt_filter.o
  CC      drivers/staging/qcacld-3.0/components/target_if/disa/src/target_if_disa.o
  CC      drivers/staging/qcacld-3.0/components/target_if/blacklist_mgr/src/target_if_blm.o
  CC      drivers/staging/qcacld-3.0/components/target_if/ipa/src/target_if_ipa.o
  CC      drivers/staging/qcacld-3.0/components/target_if/action_oui/src/target_if_action_oui.o
  CC      drivers/staging/qcacld-3.0/../qca-wifi-host-cmn/global_lmac_if/src/wlan_global_lmac_if.o
  CC      drivers/staging/qcacld-3.0/core/dp/htt/htt_tx.o
  CC      drivers/staging/qcacld-3.0/core/dp/htt/htt.o
  CC      drivers/staging/qcacld-3.0/core/dp/htt/htt_t2h.o
  CC      drivers/staging/qcacld-3.0/core/dp/htt/htt_h2t.o
  CC      drivers/staging/qcacld-3.0/core/dp/htt/htt_fw_stats.o
  CC      drivers/staging/qcacld-3.0/core/dp/htt/htt_rx.o
  CC      drivers/staging/qcacld-3.0/core/dp/htt/htt_monitor_rx.o
  CC      drivers/staging/qcacld-3.0/core/dp/htt/htt_rx_ll.o
  CC      drivers/staging/qcacld-3.0/../qca-wifi-host-cmn/utils/epping/src/epping_main.o
  CC      drivers/staging/qcacld-3.0/../qca-wifi-host-cmn/utils/epping/src/epping_txrx.o
  CC      drivers/staging/qcacld-3.0/../qca-wifi-host-cmn/utils/epping/src/epping_tx.o
  CC      drivers/staging/qcacld-3.0/../qca-wifi-host-cmn/utils/epping/src/epping_rx.o
  CC      drivers/staging/qcacld-3.0/../qca-wifi-host-cmn/utils/epping/src/epping_helper.o
  CC      drivers/staging/qcacld-3.0/../qca-wifi-host-cmn/umac/dfs/core/src/misc/dfs.o
  CC      drivers/staging/qcacld-3.0/../qca-wifi-host-cmn/umac/dfs/core/src/misc/dfs_cac.o
  CC      drivers/staging/qcacld-3.0/../qca-wifi-host-cmn/umac/dfs/core/src/misc/dfs_nol.o
  CC      drivers/staging/qcacld-3.0/../qca-wifi-host-cmn/umac/dfs/core/src/misc/dfs_random_chan_sel.o
  CC      drivers/staging/qcacld-3.0/../qca-wifi-host-cmn/umac/dfs/core/src/misc/dfs_process_radar_found_ind.o
  CC      drivers/staging/qcacld-3.0/../qca-wifi-host-cmn/umac/dfs/dispatcher/src/wlan_dfs_init_deinit_api.o
  CC      drivers/staging/qcacld-3.0/../qca-wifi-host-cmn/umac/dfs/dispatcher/src/wlan_dfs_lmac_api.o
  CC      drivers/staging/qcacld-3.0/../qca-wifi-host-cmn/umac/dfs/dispatcher/src/wlan_dfs_mlme_api.o
  CC      drivers/staging/qcacld-3.0/../qca-wifi-host-cmn/umac/dfs/dispatcher/src/wlan_dfs_tgt_api.o
  CC      drivers/staging/qcacld-3.0/../qca-wifi-host-cmn/umac/dfs/dispatcher/src/wlan_dfs_ucfg_api.o
  CC      drivers/staging/qcacld-3.0/../qca-wifi-host-cmn/umac/dfs/dispatcher/src/wlan_dfs_utils_api.o
  CC      drivers/staging/qcacld-3.0/../qca-wifi-host-cmn/target_if/dfs/src/target_if_dfs.o
  CC      drivers/staging/qcacld-3.0/../qca-wifi-host-cmn/target_if/dfs/src/target_if_dfs_partial_offload.o
  CC      drivers/staging/qcacld-3.0/../qca-wifi-host-cmn/umac/dfs/core/src/filtering/dfs_fcc_bin5.o
  CC      drivers/staging/qcacld-3.0/../qca-wifi-host-cmn/umac/dfs/core/src/filtering/dfs_bindetects.o
  CC      drivers/staging/qcacld-3.0/../qca-wifi-host-cmn/umac/dfs/core/src/filtering/dfs_debug.o
  CC      drivers/staging/qcacld-3.0/../qca-wifi-host-cmn/umac/dfs/core/src/filtering/dfs_init.o
  CC      drivers/staging/qcacld-3.0/../qca-wifi-host-cmn/umac/dfs/core/src/filtering/dfs_misc.o
  CC      drivers/staging/qcacld-3.0/../qca-wifi-host-cmn/umac/dfs/core/src/filtering/dfs_phyerr_tlv.o
  CC      drivers/staging/qcacld-3.0/../qca-wifi-host-cmn/umac/dfs/core/src/filtering/dfs_process_phyerr.o
  CC      drivers/staging/qcacld-3.0/../qca-wifi-host-cmn/umac/dfs/core/src/filtering/dfs_process_radarevent.o
  CC      drivers/staging/qcacld-3.0/../qca-wifi-host-cmn/umac/dfs/core/src/filtering/dfs_staggered.o
  CC      drivers/staging/qcacld-3.0/../qca-wifi-host-cmn/umac/dfs/core/src/filtering/dfs_radar.o
  CC      drivers/staging/qcacld-3.0/../qca-wifi-host-cmn/umac/dfs/core/src/filtering/dfs_partial_offload_radar.o
  CC      drivers/staging/qcacld-3.0/../qca-wifi-host-cmn/umac/dfs/core/src/misc/dfs_filter_init.o
  CC      drivers/staging/qcacld-3.0/../qca-wifi-host-cmn/umac/cmn_services/obj_mgr/src/wlan_objmgr_global_obj.o
  CC      drivers/staging/qcacld-3.0/../qca-wifi-host-cmn/umac/cmn_services/obj_mgr/src/wlan_objmgr_pdev_obj.o
  CC      drivers/staging/qcacld-3.0/../qca-wifi-host-cmn/umac/cmn_services/obj_mgr/src/wlan_objmgr_peer_obj.o
  CC      drivers/staging/qcacld-3.0/../qca-wifi-host-cmn/umac/cmn_services/obj_mgr/src/wlan_objmgr_psoc_obj.o
  CC      drivers/staging/qcacld-3.0/../qca-wifi-host-cmn/umac/cmn_services/obj_mgr/src/wlan_objmgr_vdev_obj.o
  CC      drivers/staging/qcacld-3.0/../qca-wifi-host-cmn/umac/wifi_pos/src/wifi_pos_api.o
  CC      drivers/staging/qcacld-3.0/../qca-wifi-host-cmn/umac/wifi_pos/src/wifi_pos_main.o
  CC      drivers/staging/qcacld-3.0/../qca-wifi-host-cmn/umac/wifi_pos/src/wifi_pos_ucfg.o
  CC      drivers/staging/qcacld-3.0/../qca-wifi-host-cmn/umac/wifi_pos/src/wifi_pos_utils.o
  CC      drivers/staging/qcacld-3.0/../qca-wifi-host-cmn/os_if/linux/wifi_pos/src/os_if_wifi_pos.o
  CC      drivers/staging/qcacld-3.0/../qca-wifi-host-cmn/target_if/wifi_pos/src/target_if_wifi_pos.o
  CC      drivers/staging/qcacld-3.0/../qca-wifi-host-cmn/target_if/cp_stats/src/target_if_mc_cp_stats.o
  CC      drivers/staging/qcacld-3.0/../qca-wifi-host-cmn/umac/cp_stats/core/src/wlan_cp_stats_comp_handler.o
  CC      drivers/staging/qcacld-3.0/../qca-wifi-host-cmn/umac/cp_stats/core/src/wlan_cp_stats_obj_mgr_handler.o
  CC      drivers/staging/qcacld-3.0/../qca-wifi-host-cmn/umac/cp_stats/core/src/wlan_cp_stats_ol_api.o
  CC      drivers/staging/qcacld-3.0/../qca-wifi-host-cmn/os_if/linux/cp_stats/src/wlan_cfg80211_mc_cp_stats.o
  CC      drivers/staging/qcacld-3.0/../qca-wifi-host-cmn/umac/cp_stats/dispatcher/src/wlan_cp_stats_utils_api.o
  CC      drivers/staging/qcacld-3.0/../qca-wifi-host-cmn/umac/cp_stats/dispatcher/src/wlan_cp_stats_mc_tgt_api.o
  CC      drivers/staging/qcacld-3.0/../qca-wifi-host-cmn/umac/cp_stats/dispatcher/src/wlan_cp_stats_mc_ucfg_api.o
  CC      drivers/staging/qcacld-3.0/components/target_if/interop_issues_ap/src/target_if_interop_issues_ap.o
  CC      drivers/staging/qcacld-3.0/components/interop_issues_ap/core/src/wlan_interop_issues_ap_api.o
  CC      drivers/staging/qcacld-3.0/os_if/interop_issues_ap/src/wlan_cfg80211_interop_issues_ap.o
  CC      drivers/staging/qcacld-3.0/components/interop_issues_ap/dispatcher/src/wlan_interop_issues_ap_tgt_api.o
  CC      drivers/staging/qcacld-3.0/components/interop_issues_ap/dispatcher/src/wlan_interop_issues_ap_ucfg_api.o
  CC      drivers/staging/qcacld-3.0/components/nan/core/src/nan_main.o
  CC      drivers/staging/qcacld-3.0/components/nan/core/src/nan_api.o
  CC      drivers/staging/qcacld-3.0/components/nan/dispatcher/src/nan_ucfg_api.o
  CC      drivers/staging/qcacld-3.0/components/nan/dispatcher/src/cfg_nan.o
  CC      drivers/staging/qcacld-3.0/components/target_if/nan/src/target_if_nan.o
  CC      drivers/staging/qcacld-3.0/os_if/nan/src/os_if_nan.o
  CC      drivers/staging/qcacld-3.0/../qca-wifi-host-cmn/umac/cmn_services/mgmt_txrx/core/src/wlan_mgmt_txrx_main.o
  CC      drivers/staging/qcacld-3.0/../qca-wifi-host-cmn/umac/cmn_services/mgmt_txrx/dispatcher/src/wlan_mgmt_txrx_utils_api.o
  CC      drivers/staging/qcacld-3.0/../qca-wifi-host-cmn/umac/cmn_services/mgmt_txrx/dispatcher/src/wlan_mgmt_txrx_tgt_api.o
  CC      drivers/staging/qcacld-3.0/components/tdls/core/src/wlan_tdls_main.o
  CC      drivers/staging/qcacld-3.0/components/tdls/core/src/wlan_tdls_cmds_process.o
  CC      drivers/staging/qcacld-3.0/components/tdls/core/src/wlan_tdls_peer.o
  CC      drivers/staging/qcacld-3.0/components/tdls/core/src/wlan_tdls_mgmt.o
  CC      drivers/staging/qcacld-3.0/components/tdls/core/src/wlan_tdls_ct.o
  CC      drivers/staging/qcacld-3.0/components/tdls/dispatcher/src/wlan_tdls_tgt_api.o
  CC      drivers/staging/qcacld-3.0/components/tdls/dispatcher/src/wlan_tdls_ucfg_api.o
  CC      drivers/staging/qcacld-3.0/components/tdls/dispatcher/src/wlan_tdls_utils_api.o
  CC      drivers/staging/qcacld-3.0/components/tdls/dispatcher/src/wlan_tdls_cfg.o
  CC      drivers/staging/qcacld-3.0/os_if/tdls/src/wlan_cfg80211_tdls.o
  CC      drivers/staging/qcacld-3.0/components/target_if/tdls/src/target_if_tdls.o
  CC      drivers/staging/qcacld-3.0/components/pmo/core/src/wlan_pmo_main.o
  CC      drivers/staging/qcacld-3.0/components/pmo/core/src/wlan_pmo_apf.o
  CC      drivers/staging/qcacld-3.0/components/pmo/core/src/wlan_pmo_arp.o
  CC      drivers/staging/qcacld-3.0/components/pmo/core/src/wlan_pmo_gtk.o
  CC      drivers/staging/qcacld-3.0/components/pmo/core/src/wlan_pmo_mc_addr_filtering.o
  CC      drivers/staging/qcacld-3.0/components/pmo/core/src/wlan_pmo_static_config.o
  CC      drivers/staging/qcacld-3.0/components/pmo/core/src/wlan_pmo_wow.o
  CC      drivers/staging/qcacld-3.0/components/pmo/core/src/wlan_pmo_lphb.o
  CC      drivers/staging/qcacld-3.0/components/pmo/core/src/wlan_pmo_suspend_resume.o
  CC      drivers/staging/qcacld-3.0/components/pmo/core/src/wlan_pmo_hw_filter.o
  CC      drivers/staging/qcacld-3.0/components/pmo/dispatcher/src/wlan_pmo_obj_mgmt_api.o
  CC      drivers/staging/qcacld-3.0/components/pmo/dispatcher/src/wlan_pmo_ucfg_api.o
  CC      drivers/staging/qcacld-3.0/components/pmo/dispatcher/src/wlan_pmo_tgt_arp.o
  CC      drivers/staging/qcacld-3.0/components/pmo/dispatcher/src/wlan_pmo_tgt_gtk.o
  CC      drivers/staging/qcacld-3.0/components/pmo/dispatcher/src/wlan_pmo_tgt_wow.o
  CC      drivers/staging/qcacld-3.0/components/pmo/dispatcher/src/wlan_pmo_tgt_static_config.o
  CC      drivers/staging/qcacld-3.0/components/pmo/dispatcher/src/wlan_pmo_tgt_mc_addr_filtering.o
  CC      drivers/staging/qcacld-3.0/components/pmo/dispatcher/src/wlan_pmo_tgt_lphb.o
  CC      drivers/staging/qcacld-3.0/components/pmo/dispatcher/src/wlan_pmo_tgt_suspend_resume.o
  CC      drivers/staging/qcacld-3.0/components/pmo/dispatcher/src/wlan_pmo_tgt_hw_filter.o
  CC      drivers/staging/qcacld-3.0/components/pmo/core/src/wlan_pmo_pkt_filter.o
  CC      drivers/staging/qcacld-3.0/components/pmo/dispatcher/src/wlan_pmo_tgt_pkt_filter.o
  CC      drivers/staging/qcacld-3.0/components/pmo/core/src/wlan_pmo_ns.o
  CC      drivers/staging/qcacld-3.0/components/pmo/dispatcher/src/wlan_pmo_tgt_ns.o
  CC      drivers/staging/qcacld-3.0/components/p2p/dispatcher/src/wlan_p2p_ucfg_api.o
  CC      drivers/staging/qcacld-3.0/components/p2p/dispatcher/src/wlan_p2p_tgt_api.o
  CC      drivers/staging/qcacld-3.0/components/p2p/dispatcher/src/wlan_p2p_cfg.o
  CC      drivers/staging/qcacld-3.0/components/p2p/dispatcher/src/wlan_p2p_api.o
  CC      drivers/staging/qcacld-3.0/components/p2p/core/src/wlan_p2p_main.o
  CC      drivers/staging/qcacld-3.0/components/p2p/core/src/wlan_p2p_roc.o
  CC      drivers/staging/qcacld-3.0/components/p2p/core/src/wlan_p2p_off_chan_tx.o
  CC      drivers/staging/qcacld-3.0/os_if/p2p/src/wlan_cfg80211_p2p.o
  CC      drivers/staging/qcacld-3.0/components/target_if/p2p/src/target_if_p2p.o
  CC      drivers/staging/qcacld-3.0/components/cmn_services/policy_mgr/src/wlan_policy_mgr_action.o
  CC      drivers/staging/qcacld-3.0/components/cmn_services/policy_mgr/src/wlan_policy_mgr_core.o
  CC      drivers/staging/qcacld-3.0/components/cmn_services/policy_mgr/src/wlan_policy_mgr_get_set_utils.o
  CC      drivers/staging/qcacld-3.0/components/cmn_services/policy_mgr/src/wlan_policy_mgr_init_deinit.o
  CC      drivers/staging/qcacld-3.0/components/cmn_services/policy_mgr/src/wlan_policy_mgr_ucfg.o
  CC      drivers/staging/qcacld-3.0/components/cmn_services/policy_mgr/src/wlan_policy_mgr_pcl.o
  CC      drivers/staging/qcacld-3.0/../qca-wifi-host-cmn/utils/logging/src/wlan_logging_sock_svc.o
  CC      drivers/staging/qcacld-3.0/../qca-wifi-host-cmn/utils/logging/src/wlan_roam_debug.o
  CC      drivers/staging/qcacld-3.0/../qca-wifi-host-cmn/utils/nlink/src/wlan_nlink_srv.o
  CC      drivers/staging/qcacld-3.0/../qca-wifi-host-cmn/utils/ptt/src/wlan_ptt_sock_svc.o
  CC      drivers/staging/qcacld-3.0/../qca-wifi-host-cmn/umac/cmn_services/serialization/src/wlan_serialization_main.o
  CC      drivers/staging/qcacld-3.0/../qca-wifi-host-cmn/umac/cmn_services/serialization/src/wlan_serialization_api.o
  CC      drivers/staging/qcacld-3.0/../qca-wifi-host-cmn/umac/cmn_services/serialization/src/wlan_serialization_utils.o
  CC      drivers/staging/qcacld-3.0/../qca-wifi-host-cmn/umac/cmn_services/serialization/src/wlan_serialization_legacy_api.o
  CC      drivers/staging/qcacld-3.0/../qca-wifi-host-cmn/umac/cmn_services/serialization/src/wlan_serialization_rules.o
  CC      drivers/staging/qcacld-3.0/../qca-wifi-host-cmn/umac/cmn_services/serialization/src/wlan_serialization_internal.o
  CC      drivers/staging/qcacld-3.0/../qca-wifi-host-cmn/umac/cmn_services/serialization/src/wlan_serialization_non_scan.o
  CC      drivers/staging/qcacld-3.0/../qca-wifi-host-cmn/umac/cmn_services/serialization/src/wlan_serialization_queue.o
  CC      drivers/staging/qcacld-3.0/../qca-wifi-host-cmn/umac/cmn_services/serialization/src/wlan_serialization_scan.o
  CC      drivers/staging/qcacld-3.0/core/pld/src/pld_common.o
  CC      drivers/staging/qcacld-3.0/core/pld/src/pld_snoc.o
  CC      drivers/staging/qcacld-3.0/../qca-wifi-host-cmn/umac/cmn_services/sm_engine/src/wlan_sm_engine.o
  CC      drivers/staging/qcacld-3.0/../qca-wifi-host-cmn/umac/mlme/mlme_objmgr/dispatcher/src/wlan_vdev_mlme_main.o
  CC      drivers/staging/qcacld-3.0/../qca-wifi-host-cmn/umac/mlme/vdev_mgr/core/src/vdev_mlme_sm.o
  CC      drivers/staging/qcacld-3.0/../qca-wifi-host-cmn/umac/mlme/vdev_mgr/dispatcher/src/wlan_vdev_mlme_api.o
  CC      drivers/staging/qcacld-3.0/../qca-wifi-host-cmn/umac/mlme/vdev_mgr/core/src/vdev_mgr_ops.o
  CC      drivers/staging/qcacld-3.0/../qca-wifi-host-cmn/umac/mlme/vdev_mgr/dispatcher/src/wlan_vdev_mgr_tgt_if_rx_api.o
  CC      drivers/staging/qcacld-3.0/../qca-wifi-host-cmn/umac/mlme/vdev_mgr/dispatcher/src/wlan_vdev_mgr_tgt_if_tx_api.o
  CC      drivers/staging/qcacld-3.0/../qca-wifi-host-cmn/umac/mlme/vdev_mgr/dispatcher/src/wlan_vdev_mgr_ucfg_api.o
  CC      drivers/staging/qcacld-3.0/../qca-wifi-host-cmn/umac/mlme/vdev_mgr/dispatcher/src/wlan_vdev_mgr_utils_api.o
  CC      drivers/staging/qcacld-3.0/../qca-wifi-host-cmn/umac/mlme/mlme_objmgr/dispatcher/src/wlan_cmn_mlme_main.o
  CC      drivers/staging/qcacld-3.0/../qca-wifi-host-cmn/umac/mlme/mlme_objmgr/dispatcher/src/wlan_pdev_mlme_main.o
  CC      drivers/staging/qcacld-3.0/../qca-wifi-host-cmn/umac/mlme/pdev_mgr/dispatcher/src/wlan_pdev_mlme_api.o
  CC      drivers/staging/qcacld-3.0/../qca-wifi-host-cmn/umac/mlme/mlme_objmgr/dispatcher/src/wlan_psoc_mlme_main.o
  CC      drivers/staging/qcacld-3.0/../qca-wifi-host-cmn/umac/mlme/psoc_mgr/dispatcher/src/wlan_psoc_mlme_api.o
  CC      drivers/staging/qcacld-3.0/components/mlme/core/src/wlan_mlme_main.o
  CC      drivers/staging/qcacld-3.0/components/mlme/dispatcher/src/wlan_mlme_api.o
  CC      drivers/staging/qcacld-3.0/components/mlme/dispatcher/src/wlan_mlme_ucfg_api.o
  CC      drivers/staging/qcacld-3.0/components/mlme/core/src/wlan_mlme_vdev_mgr_interface.o
  CC      drivers/staging/qcacld-3.0/components/fw_offload/core/src/wlan_fw_offload_main.o
  CC      drivers/staging/qcacld-3.0/components/fw_offload/dispatcher/src/wlan_fwol_ucfg_api.o
  CC      drivers/staging/qcacld-3.0/components/fw_offload/dispatcher/src/wlan_fwol_tgt_api.o
  CC      drivers/staging/qcacld-3.0/components/target_if/fw_offload/src/target_if_fwol.o
  CC      drivers/staging/qcacld-3.0/os_if/fw_offload/src/os_if_fwol.o
  CC      drivers/staging/qcacld-3.0/components/blacklist_mgr/core/src/wlan_blm_main.o
  CC      drivers/staging/qcacld-3.0/components/blacklist_mgr/core/src/wlan_blm_core.o
  CC      drivers/staging/qcacld-3.0/components/blacklist_mgr/dispatcher/src/wlan_blm_ucfg_api.o
  CC      drivers/staging/qcacld-3.0/components/blacklist_mgr/dispatcher/src/wlan_blm_tgt_api.o
  CC      drivers/staging/qcacld-3.0/components/ipa/dispatcher/src/wlan_ipa_ucfg_api.o
  CC      drivers/staging/qcacld-3.0/components/ipa/dispatcher/src/wlan_ipa_obj_mgmt_api.o
  CC      drivers/staging/qcacld-3.0/components/ipa/dispatcher/src/wlan_ipa_tgt_api.o
  CC      drivers/staging/qcacld-3.0/components/ipa/core/src/wlan_ipa_main.o
  CC      drivers/staging/qcacld-3.0/components/ipa/core/src/wlan_ipa_core.o
  CC      drivers/staging/qcacld-3.0/components/ipa/core/src/wlan_ipa_stats.o
  CC      drivers/staging/qcacld-3.0/components/ipa/core/src/wlan_ipa_rm.o
  CC      drivers/staging/qcacld-3.0/../qca-wifi-host-cmn/utils/pktlog/pktlog_ac.o
  CC      drivers/staging/qcacld-3.0/../qca-wifi-host-cmn/utils/pktlog/pktlog_internal.o
  CC      drivers/staging/qcacld-3.0/../qca-wifi-host-cmn/utils/pktlog/linux_ac.o
  CC      drivers/staging/qcacld-3.0/../qca-wifi-host-cmn/utils/pktlog/pktlog_wifi2.o
  CC      drivers/staging/qcacld-3.0/../qca-wifi-host-cmn/utils/host_diag_log/src/host_diag_log.o
  CC      drivers/staging/qcacld-3.0/components/disa/core/src/wlan_disa_main.o
  CC      drivers/staging/qcacld-3.0/components/disa/dispatcher/src/wlan_disa_obj_mgmt_api.o
  CC      drivers/staging/qcacld-3.0/components/disa/dispatcher/src/wlan_disa_tgt_api.o
  CC      drivers/staging/qcacld-3.0/components/disa/dispatcher/src/wlan_disa_ucfg_api.o
  CC      drivers/staging/qcacld-3.0/components/action_oui/core/src/wlan_action_oui_main.o
  CC      drivers/staging/qcacld-3.0/components/action_oui/core/src/wlan_action_oui_parse.o
  CC      drivers/staging/qcacld-3.0/components/action_oui/dispatcher/src/wlan_action_oui_tgt_api.o
  CC      drivers/staging/qcacld-3.0/components/action_oui/dispatcher/src/wlan_action_oui_ucfg_api.o
  CC      drivers/staging/qcacld-3.0/../qca-wifi-host-cmn/umac/global_umac_dispatcher/lmac_if/src/wlan_lmac_if.o
  CC      drivers/staging/qcacld-3.0/../qca-wifi-host-cmn/umac/scan/core/src/wlan_scan_cache_db.o
  CC      drivers/staging/qcacld-3.0/../qca-wifi-host-cmn/umac/scan/core/src/wlan_scan_11d.o
  CC      drivers/staging/qcacld-3.0/../qca-wifi-host-cmn/umac/scan/core/src/wlan_scan_bss_score.o
  CC      drivers/staging/qcacld-3.0/../qca-wifi-host-cmn/umac/scan/core/src/wlan_scan_filter.o
  CC      drivers/staging/qcacld-3.0/../qca-wifi-host-cmn/umac/scan/core/src/wlan_scan_main.o
  CC      drivers/staging/qcacld-3.0/../qca-wifi-host-cmn/umac/scan/core/src/wlan_scan_manager.o
  CC      drivers/staging/qcacld-3.0/../qca-wifi-host-cmn/umac/scan/dispatcher/src/wlan_scan_tgt_api.o
  CC      drivers/staging/qcacld-3.0/../qca-wifi-host-cmn/umac/scan/dispatcher/src/wlan_scan_ucfg_api.o
  CC      drivers/staging/qcacld-3.0/../qca-wifi-host-cmn/umac/scan/dispatcher/src/wlan_scan_api.o
  CC      drivers/staging/qcacld-3.0/../qca-wifi-host-cmn/umac/scan/dispatcher/src/wlan_scan_utils_api.o
  CC      drivers/staging/qcacld-3.0/../qca-wifi-host-cmn/os_if/linux/scan/src/wlan_cfg80211_scan.o
  CC      drivers/staging/qcacld-3.0/../qca-wifi-host-cmn/os_if/linux/wlan_cfg80211.o
  CC      drivers/staging/qcacld-3.0/../qca-wifi-host-cmn/target_if/scan/src/target_if_scan.o
  CC      drivers/staging/qcacld-3.0/../qca-wifi-host-cmn/umac/cmn_services/utils/src/wlan_utility.o
  CC      drivers/staging/qcacld-3.0/../qca-wifi-host-cmn/spectral/core/spectral_offload.o
  CC      drivers/staging/qcacld-3.0/../qca-wifi-host-cmn/spectral/core/spectral_common.o
  CC      drivers/staging/qcacld-3.0/../qca-wifi-host-cmn/spectral/dispatcher/src/wlan_spectral_ucfg_api.o
  CC      drivers/staging/qcacld-3.0/../qca-wifi-host-cmn/spectral/dispatcher/src/wlan_spectral_utils_api.o
  CC      drivers/staging/qcacld-3.0/../qca-wifi-host-cmn/spectral/dispatcher/src/wlan_spectral_tgt_api.o
  CC      drivers/staging/qcacld-3.0/../qca-wifi-host-cmn/os_if/linux/spectral/src/wlan_cfg80211_spectral.o
  CC      drivers/staging/qcacld-3.0/../qca-wifi-host-cmn/os_if/linux/spectral/src/os_if_spectral_netlink.o
  CC      drivers/staging/qcacld-3.0/../qca-wifi-host-cmn/target_if/spectral/target_if_spectral_netlink.o
  CC      drivers/staging/qcacld-3.0/../qca-wifi-host-cmn/target_if/spectral/target_if_spectral_phyerr.o
  CC      drivers/staging/qcacld-3.0/../qca-wifi-host-cmn/target_if/spectral/target_if_spectral.o
  CC      drivers/staging/qcacld-3.0/../qca-wifi-host-cmn/target_if/spectral/target_if_spectral_sim.o
  CC      drivers/staging/qcacld-3.0/../qca-wifi-host-cmn/gpio/dispatcher/src/wlan_gpio_tgt_api.o
  CC      drivers/staging/qcacld-3.0/../qca-wifi-host-cmn/gpio/dispatcher/src/wlan_gpio_ucfg_api.o
  CC      drivers/staging/qcacld-3.0/../qca-wifi-host-cmn/gpio/core/src/wlan_gpio_api.o
  CC      drivers/staging/qcacld-3.0/../qca-wifi-host-cmn/os_if/linux/gpio/src/wlan_cfg80211_gpio.o
  CC      drivers/staging/qcacld-3.0/../qca-wifi-host-cmn/target_if/gpio/target_if_gpio.o
  CC      drivers/staging/qcacld-3.0/../qca-wifi-host-cmn/umac/green_ap/core/src/wlan_green_ap_main.o
  CC      drivers/staging/qcacld-3.0/../qca-wifi-host-cmn/umac/green_ap/dispatcher/src/wlan_green_ap_api.o
  CC      drivers/staging/qcacld-3.0/../qca-wifi-host-cmn/umac/green_ap/dispatcher/src/wlan_green_ap_ucfg_api.o
  CC      drivers/staging/qcacld-3.0/../qca-wifi-host-cmn/target_if/green_ap/src/target_if_green_ap.o
  CC      drivers/staging/qcacld-3.0/../qca-wifi-host-cmn/umac/cmn_services/crypto/src/wlan_crypto_global_api.o
  CC      drivers/staging/qcacld-3.0/../qca-wifi-host-cmn/umac/cmn_services/crypto/src/wlan_crypto_ucfg_api.o
  CC      drivers/staging/qcacld-3.0/../qca-wifi-host-cmn/umac/cmn_services/crypto/src/wlan_crypto_main.o
  CC      drivers/staging/qcacld-3.0/../qca-wifi-host-cmn/umac/cmn_services/crypto/src/wlan_crypto_obj_mgr.o
  CC      drivers/staging/qcacld-3.0/../qca-wifi-host-cmn/umac/cmn_services/crypto/src/wlan_crypto_param_handling.o
  AR      drivers/staging/qcacld-3.0/built-in.a
  AR      drivers/staging/built-in.a
  AR      drivers/built-in.a
  GEN     .version
  CHK     include/generated/compile.h
  AR      built-in.a
  MODPOST vmlinux.o
  KSYM    .tmp_kallsyms1.o
  KSYM    .tmp_kallsyms2.o
  LD      vmlinux
  SORTEX  vmlinux
  SYSMAP  System.map
  OBJCOPY arch/arm64/boot/Image
  Building modules, stage 2.
  MODPOST 0 modules
make[1]: 离开目录“/mnt/note9pro-build/02-sukisu-susfs/android_kernel_xiaomi_gauguin/out”
=== build end rc=0 2026年 10月 02日 星期五 10:31:41 CST ===
